solid OpenSCAD_Model
  facet normal -1 0 0
    outer loop
      vertex -53 -89.2621 0
      vertex -53 -102.5 0
      vertex -53 -89.2621 5
    endloop
  endfacet
  facet normal -1 0 0
    outer loop
      vertex -53 -74.5 15.2221
      vertex -53 -79 45.5
      vertex -53 -74.5 45.5
    endloop
  endfacet
  facet normal -1 0 0
    outer loop
      vertex -53 -89.2621 5
      vertex -53 -74.5 15.2221
      vertex -53 -79.91 5
    endloop
  endfacet
  facet normal -1 0 0
    outer loop
      vertex -53 -102.5 46
      vertex -53 -74.5 15.2221
      vertex -53 -89.2621 5
    endloop
  endfacet
  facet normal -1 0 0
    outer loop
      vertex -53 -74.5 15.2221
      vertex -53 -102.5 46
      vertex -53 -79 45.5
    endloop
  endfacet
  facet normal -1 0 0
    outer loop
      vertex -53 -102.5 46
      vertex -53 -89.2621 5
      vertex -53 -102.5 0
    endloop
  endfacet
  facet normal -1 0 0
    outer loop
      vertex -53 -79 45.5
      vertex -53 -102.5 46
      vertex -53 -79 46
    endloop
  endfacet
  facet normal -0 0 1
    outer loop
      vertex -53 -79 46
      vertex 53 -102.5 46
      vertex 53 -79 46
    endloop
  endfacet
  facet normal 0 0 1
    outer loop
      vertex 53 -102.5 46
      vertex -53 -79 46
      vertex -53 -102.5 46
    endloop
  endfacet
  facet normal 1 -0 0
    outer loop
      vertex 53 -102.5 46
      vertex 53 -79 45.5
      vertex 53 -79 46
    endloop
  endfacet
  facet normal 1 0 0
    outer loop
      vertex 53 -79 45.5
      vertex 53 -102.5 46
      vertex 53 -89.2621 5
    endloop
  endfacet
  facet normal 1 0 0
    outer loop
      vertex 53 -102.5 0
      vertex 53 -89.2621 5
      vertex 53 -102.5 46
    endloop
  endfacet
  facet normal 1 0 0
    outer loop
      vertex 53 -89.2621 5
      vertex 53 -102.5 0
      vertex 53 -89.2621 0
    endloop
  endfacet
  facet normal 1 -0 0
    outer loop
      vertex 53 -79 45.5
      vertex 53 -74.5 8.55672
      vertex 53 -74.5 45.5
    endloop
  endfacet
  facet normal 1 0 0
    outer loop
      vertex 53 -89.2621 5
      vertex 53 -74.5 8.55672
      vertex 53 -79 45.5
    endloop
  endfacet
  facet normal 1 0 0
    outer loop
      vertex 53 -74.5 8.55672
      vertex 53 -89.2621 5
      vertex 53 -76.3699 5
    endloop
  endfacet
  facet normal 0 1 0
    outer loop
      vertex -12.0853 -74.5 45.5
      vertex -31.1807 -74.5 39.3579
      vertex -53 -74.5 45.5
    endloop
  endfacet
  facet normal 0 1 -0
    outer loop
      vertex -18.556 -74.5 37
      vertex -31.1807 -74.5 39.3579
      vertex -12.0853 -74.5 45.5
    endloop
  endfacet
  facet normal 0 1 0
    outer loop
      vertex -31.1807 -74.5 39.3579
      vertex -18.556 -74.5 37
      vertex -28.6573 -74.5 37
    endloop
  endfacet
  facet normal 0 1 -0
    outer loop
      vertex -33.3123 -74.5 37
      vertex -53 -74.5 45.5
      vertex -31.1807 -74.5 39.3579
    endloop
  endfacet
  facet normal 0 1 -0
    outer loop
      vertex -51.8436 -74.5 37
      vertex -53 -74.5 45.5
      vertex -33.3123 -74.5 37
    endloop
  endfacet
  facet normal 0 1 0
    outer loop
      vertex -53 -74.5 15.2221
      vertex -51.8436 -74.5 37
      vertex -51.8436 -74.5 16.5013
    endloop
  endfacet
  facet normal 0 1 0
    outer loop
      vertex -51.8436 -74.5 37
      vertex -53 -74.5 15.2221
      vertex -53 -74.5 45.5
    endloop
  endfacet
  facet normal 0 1 0
    outer loop
      vertex 18.556 -74.5 37
      vertex 53 -74.5 45.5
      vertex 51.8436 -74.5 37
    endloop
  endfacet
  facet normal 0 1 -0
    outer loop
      vertex 53 -74.5 8.55672
      vertex 51.8436 -74.5 37
      vertex 53 -74.5 45.5
    endloop
  endfacet
  facet normal 0 1 0
    outer loop
      vertex 51.8436 -74.5 37
      vertex 53 -74.5 8.55672
      vertex 51.8436 -74.5 7.24313
    endloop
  endfacet
  facet normal 0 1 0
    outer loop
      vertex 53 -74.5 45.5
      vertex 18.556 -74.5 37
      vertex 12.0853 -74.5 45.5
    endloop
  endfacet
  facet normal 0 0 -1
    outer loop
      vertex -102.986 34.1431 0
      vertex -92.7618 25.3389 0
      vertex -101.322 13.4253 0
    endloop
  endfacet
  facet normal -0 0 -1
    outer loop
      vertex 37.7312 82.5423 0
      vertex 29.8857 79.4824 0
      vertex 30.6979 85.1557 0
    endloop
  endfacet
  facet normal 0 0 -1
    outer loop
      vertex 53 -102.5 0
      vertex 51.8436 -100.1 0
      vertex 53 -89.2621 0
    endloop
  endfacet
  facet normal 0 0 -1
    outer loop
      vertex 53 -102.5 0
      vertex -51.8436 -100.1 0
      vertex 51.8436 -100.1 0
    endloop
  endfacet
  facet normal 0 0 -1
    outer loop
      vertex -53 -102.5 0
      vertex -51.8436 -100.1 0
      vertex 53 -102.5 0
    endloop
  endfacet
  facet normal 0 0 -1
    outer loop
      vertex -53 -89.2621 0
      vertex -51.8436 -100.1 0
      vertex -53 -102.5 0
    endloop
  endfacet
  facet normal 0 0 -1
    outer loop
      vertex -51.8436 -100.1 0
      vertex -53 -89.2621 0
      vertex -51.8436 -75.9715 0
    endloop
  endfacet
  facet normal 0 0 -1
    outer loop
      vertex -68.5839 -80.1377 0
      vertex -51.8436 -75.9715 0
      vertex -53 -89.2621 0
    endloop
  endfacet
  facet normal 0 0 -1
    outer loop
      vertex -86.0015 -63.9077 0
      vertex -51.8436 -75.9715 0
      vertex -68.5839 -80.1377 0
    endloop
  endfacet
  facet normal 0 0 -1
    outer loop
      vertex -86.0015 -63.9077 0
      vertex -86.6162 -55.6479 0
      vertex -51.8436 -75.9715 0
    endloop
  endfacet
  facet normal 0 0 -1
    outer loop
      vertex -86.7496 -62.7982 0
      vertex -86.6162 -55.6479 0
      vertex -86.0015 -63.9077 0
    endloop
  endfacet
  facet normal 0 0 -1
    outer loop
      vertex -91.9202 -59.7712 0
      vertex -86.6162 -55.6479 0
      vertex -86.7496 -62.7982 0
    endloop
  endfacet
  facet normal -0 0 -1
    outer loop
      vertex -86.6162 -55.6479 0
      vertex -91.9202 -59.7712 0
      vertex -86.7001 -55.5988 0
    endloop
  endfacet
  facet normal 0 0 -1
    outer loop
      vertex -93.3607 -52.9941 0
      vertex -86.7001 -55.5988 0
      vertex -91.9202 -59.7712 0
    endloop
  endfacet
  facet normal 0 0 -1
    outer loop
      vertex -99.1066 -44.4731 0
      vertex -86.7001 -55.5988 0
      vertex -93.3607 -52.9941 0
    endloop
  endfacet
  facet normal 0 0 -1
    outer loop
      vertex -107.242 -22.8084 0
      vertex -86.7001 -55.5988 0
      vertex -99.1066 -44.4731 0
    endloop
  endfacet
  facet normal 0 0 -1
    outer loop
      vertex -86.7001 -55.5988 0
      vertex -107.242 -22.8084 0
      vertex -101.357 13.2438 0
    endloop
  endfacet
  facet normal 0 0 -1
    outer loop
      vertex -110 0 0
      vertex -101.357 13.2438 0
      vertex -107.242 -22.8084 0
    endloop
  endfacet
  facet normal -0 0 -1
    outer loop
      vertex -101.357 13.2438 0
      vertex -110 0 0
      vertex -101.379 13.3464 0
    endloop
  endfacet
  facet normal 0 -0 -1
    outer loop
      vertex -107.242 22.8084 0
      vertex -101.379 13.3464 0
      vertex -110 0 0
    endloop
  endfacet
  facet normal 0 0 -1
    outer loop
      vertex -101.379 13.3464 0
      vertex -107.242 22.8084 0
      vertex -102.986 34.1431 0
    endloop
  endfacet
  facet normal 0 0 -1
    outer loop
      vertex 107.242 -22.8084 0
      vertex 85.8018 -13.0294 0
      vertex 93.6919 -4.61333 0
    endloop
  endfacet
  facet normal 0 0 -1
    outer loop
      vertex 93.6783 -4.50449 0
      vertex 110 0 0
      vertex 93.6919 -4.61333 0
    endloop
  endfacet
  facet normal 0 0 -1
    outer loop
      vertex 104.471 -31.2733 0
      vertex 97.9523 -31.2113 0
      vertex 104.21 -30.8827 0
    endloop
  endfacet
  facet normal 0 0 -1
    outer loop
      vertex 88.7678 -63.8101 0
      vertex 104.471 -31.2733 0
      vertex 93.9837 -68.5552 0
    endloop
  endfacet
  facet normal -0 0 -1
    outer loop
      vertex 104.471 -31.2733 0
      vertex 88.7678 -63.8101 0
      vertex 97.9523 -31.2113 0
    endloop
  endfacet
  facet normal 0 0 -1
    outer loop
      vertex 93.9837 -68.5552 0
      vertex 88.7409 -63.9053 0
      vertex 88.7678 -63.8101 0
    endloop
  endfacet
  facet normal 0 0 -1
    outer loop
      vertex 70.6955 -78.1701 0
      vertex 88.7409 -63.9053 0
      vertex 93.9837 -68.5552 0
    endloop
  endfacet
  facet normal 0 0 -1
    outer loop
      vertex 70.6955 -78.1701 0
      vertex 58.4629 -76.3856 0
      vertex 88.7409 -63.9053 0
    endloop
  endfacet
  facet normal 0 0 -1
    outer loop
      vertex 68.5839 -80.1377 0
      vertex 58.4629 -76.3856 0
      vertex 70.6955 -78.1701 0
    endloop
  endfacet
  facet normal 0 0 -1
    outer loop
      vertex 68.5839 -80.1377 0
      vertex 58.3744 -76.4221 0
      vertex 58.4629 -76.3856 0
    endloop
  endfacet
  facet normal 0 0 -1
    outer loop
      vertex 53 -89.2621 0
      vertex 58.3744 -76.4221 0
      vertex 68.5839 -80.1377 0
    endloop
  endfacet
  facet normal 0 0 -1
    outer loop
      vertex 53 -89.2621 0
      vertex 58.291 -76.3723 0
      vertex 58.3744 -76.4221 0
    endloop
  endfacet
  facet normal 0 0 -1
    outer loop
      vertex 51.8436 -72.7556 0
      vertex 53 -89.2621 0
      vertex 51.8436 -100.1 0
    endloop
  endfacet
  facet normal 0 0 -1
    outer loop
      vertex 51.8436 -72.7556 0
      vertex 58.291 -76.3723 0
      vertex 53 -89.2621 0
    endloop
  endfacet
  facet normal 0 0 -1
    outer loop
      vertex 51.8436 -72.7556 0
      vertex 47.7033 -70.0593 0
      vertex 58.291 -76.3723 0
    endloop
  endfacet
  facet normal 0 -0 -1
    outer loop
      vertex 47.7033 -70.0593 0
      vertex 51.8436 -72.7556 0
      vertex 39.0011 -72.7556 0
    endloop
  endfacet
  facet normal 0 0 -1
    outer loop
      vertex 97.9523 -31.2113 0
      vertex 107.242 -22.8084 0
      vertex 104.21 -30.8827 0
    endloop
  endfacet
  facet normal 0 0 -1
    outer loop
      vertex 85.8018 -13.0294 0
      vertex 107.242 -22.8084 0
      vertex 97.9523 -31.2113 0
    endloop
  endfacet
  facet normal 0 0 -1
    outer loop
      vertex 107.242 -22.8084 0
      vertex 93.6919 -4.61333 0
      vertex 110 0 0
    endloop
  endfacet
  facet normal -0 0 -1
    outer loop
      vertex 110 0 0
      vertex 93.6783 -4.50449 0
      vertex 107.242 22.8084 0
    endloop
  endfacet
  facet normal 0 0 -1
    outer loop
      vertex 86.4908 53.0584 0
      vertex 107.242 22.8084 0
      vertex 93.6783 -4.50449 0
    endloop
  endfacet
  facet normal 0 0 -1
    outer loop
      vertex 107.242 22.8084 0
      vertex 86.4908 53.0584 0
      vertex 99.1066 44.4731 0
    endloop
  endfacet
  facet normal 0 0 -1
    outer loop
      vertex 99.1066 44.4731 0
      vertex 86.4908 53.0584 0
      vertex 93.0295 53.4852 0
    endloop
  endfacet
  facet normal -0 0 -1
    outer loop
      vertex 93.0295 53.4852 0
      vertex 86.4908 53.0584 0
      vertex 92.5725 57.1517 0
    endloop
  endfacet
  facet normal -0 0 -1
    outer loop
      vertex 92.5725 57.1517 0
      vertex 86.4908 53.0584 0
      vertex 89.1658 59.215 0
    endloop
  endfacet
  facet normal 0 0 -1
    outer loop
      vertex 86.4908 53.0584 0
      vertex 86.0015 63.9077 0
      vertex 89.1658 59.215 0
    endloop
  endfacet
  facet normal 0 0 -1
    outer loop
      vertex 86.4908 53.0584 0
      vertex 68.5839 80.1377 0
      vertex 86.0015 63.9077 0
    endloop
  endfacet
  facet normal 0 0 -1
    outer loop
      vertex 37.8232 82.4867 0
      vertex 68.5839 80.1377 0
      vertex 86.4908 53.0584 0
    endloop
  endfacet
  facet normal 0 0 -1
    outer loop
      vertex 68.5839 80.1377 0
      vertex 37.8232 82.4867 0
      vertex 47.7272 92.3493 0
    endloop
  endfacet
  facet normal 0 0 -1
    outer loop
      vertex 37.7312 82.5423 0
      vertex 47.7272 92.3493 0
      vertex 37.8232 82.4867 0
    endloop
  endfacet
  facet normal 0 0 -1
    outer loop
      vertex 30.6979 85.1557 0
      vertex 47.7272 92.3493 0
      vertex 37.7312 82.5423 0
    endloop
  endfacet
  facet normal 0 0 -1
    outer loop
      vertex 18.008 74.8497 0
      vertex 30.1124 84.0501 0
      vertex 27.1228 78.4047 0
    endloop
  endfacet
  facet normal 0 0 -1
    outer loop
      vertex 30.6979 85.1557 0
      vertex 24.4773 99.9301 0
      vertex 47.7272 92.3493 0
    endloop
  endfacet
  facet normal 0 -0 -1
    outer loop
      vertex 24.4773 99.9301 0
      vertex 30.1124 84.0501 0
      vertex 18.008 74.8497 0
    endloop
  endfacet
  facet normal 0 0 -1
    outer loop
      vertex 30.1124 84.0501 0
      vertex 24.4773 99.9301 0
      vertex 30.6979 85.1557 0
    endloop
  endfacet
  facet normal 0 0 -1
    outer loop
      vertex 0.436428 87.8065 0
      vertex 24.4773 99.9301 0
      vertex 18.008 74.8497 0
    endloop
  endfacet
  facet normal 0 0 -1
    outer loop
      vertex 0 102.5 0
      vertex 0.436428 87.8065 0
      vertex 0.344152 87.7833 0
    endloop
  endfacet
  facet normal 0 0 -1
    outer loop
      vertex 0.436428 87.8065 0
      vertex 0 102.5 0
      vertex 24.4773 99.9301 0
    endloop
  endfacet
  facet normal 0 0 -1
    outer loop
      vertex 0.344152 87.7833 0
      vertex -24.4773 99.9301 0
      vertex 0 102.5 0
    endloop
  endfacet
  facet normal 0 0 -1
    outer loop
      vertex -27.9538 80.6856 0
      vertex -24.4773 99.9301 0
      vertex 0.344152 87.7833 0
    endloop
  endfacet
  facet normal 0 0 -1
    outer loop
      vertex -47.7272 92.3493 0
      vertex -27.9538 80.6856 0
      vertex -36.1206 65.1174 0
    endloop
  endfacet
  facet normal 0 0 -1
    outer loop
      vertex -27.9538 80.6856 0
      vertex -47.7272 92.3493 0
      vertex -24.4773 99.9301 0
    endloop
  endfacet
  facet normal 0 0 -1
    outer loop
      vertex -63.1956 66.3542 0
      vertex -47.7272 92.3493 0
      vertex -36.1206 65.1174 0
    endloop
  endfacet
  facet normal 0 0 -1
    outer loop
      vertex -68.5839 80.1377 0
      vertex -63.1956 66.3542 0
      vertex -63.2881 66.3584 0
    endloop
  endfacet
  facet normal 0 0 -1
    outer loop
      vertex -68.5839 80.1377 0
      vertex -63.2881 66.3584 0
      vertex -65.1328 63.7912 0
    endloop
  endfacet
  facet normal 0 0 -1
    outer loop
      vertex -63.1956 66.3542 0
      vertex -68.5839 80.1377 0
      vertex -47.7272 92.3493 0
    endloop
  endfacet
  facet normal 0 0 -1
    outer loop
      vertex -65.1328 63.7912 0
      vertex -81.9195 67.7114 0
      vertex -68.5839 80.1377 0
    endloop
  endfacet
  facet normal 0 0 -1
    outer loop
      vertex -83.4618 61.2688 0
      vertex -81.9195 67.7114 0
      vertex -65.1328 63.7912 0
    endloop
  endfacet
  facet normal 0 0 -1
    outer loop
      vertex -88.1864 66.8476 0
      vertex -83.4618 61.2688 0
      vertex -83.5152 61.1766 0
    endloop
  endfacet
  facet normal 0 0 -1
    outer loop
      vertex -83.4618 61.2688 0
      vertex -88.1864 66.8476 0
      vertex -81.9195 67.7114 0
    endloop
  endfacet
  facet normal 0 0 -1
    outer loop
      vertex -104.674 38.2902 0
      vertex -83.5152 61.1766 0
      vertex -97.5084 36.979 0
    endloop
  endfacet
  facet normal 0 0 -1
    outer loop
      vertex -102.986 34.1431 0
      vertex -101.322 13.4253 0
      vertex -101.379 13.3464 0
    endloop
  endfacet
  facet normal 0 0 -1
    outer loop
      vertex -92.7618 25.3389 0
      vertex -102.986 34.1431 0
      vertex -97.5084 36.979 0
    endloop
  endfacet
  facet normal 0 0 -1
    outer loop
      vertex -104.674 38.2902 0
      vertex -97.5084 36.979 0
      vertex -102.986 34.1431 0
    endloop
  endfacet
  facet normal -0 0 -1
    outer loop
      vertex -83.5152 61.1766 0
      vertex -104.674 38.2902 0
      vertex -88.1864 66.8476 0
    endloop
  endfacet
  facet normal 0 0 -1
    outer loop
      vertex 28.3865 -50.9339 0
      vertex 27.3375 -50.3063 0
      vertex 27.8574 -47.5986 0
    endloop
  endfacet
  facet normal 0 0 -1
    outer loop
      vertex 42.6636 -67.0543 0
      vertex 38.3394 -65.7145 0
      vertex 41.1739 -66.1661 0
    endloop
  endfacet
  facet normal 0 -1 0
    outer loop
      vertex 53 -102.5 46
      vertex 22.7485 -102.5 25.9015
      vertex 24 -102.5 26
    endloop
  endfacet
  facet normal 0 -1 0
    outer loop
      vertex 19.2977 -102.5 24.4721
      vertex -17.5344 -102.5 26.8992
      vertex -16.2218 -102.5 25.7782
    endloop
  endfacet
  facet normal 0 -1 0
    outer loop
      vertex -19.0061 -102.5 27.8011
      vertex 21.5279 -102.5 25.6085
      vertex 22.7485 -102.5 25.9015
    endloop
  endfacet
  facet normal 0 -1 0
    outer loop
      vertex -19.0061 -102.5 27.8011
      vertex 20.3681 -102.5 25.1281
      vertex 21.5279 -102.5 25.6085
    endloop
  endfacet
  facet normal 0 -1 0
    outer loop
      vertex -17.5344 -102.5 26.8992
      vertex 19.2977 -102.5 24.4721
      vertex 20.3681 -102.5 25.1281
    endloop
  endfacet
  facet normal 0 -1 0
    outer loop
      vertex 18.3431 -102.5 23.6569
      vertex -16.2218 -102.5 25.7782
      vertex -15.1008 -102.5 24.4656
    endloop
  endfacet
  facet normal 0 -1 0
    outer loop
      vertex -16.2218 -102.5 25.7782
      vertex 18.3431 -102.5 23.6569
      vertex 19.2977 -102.5 24.4721
    endloop
  endfacet
  facet normal 0 -1 0
    outer loop
      vertex 17.5279 -102.5 22.7023
      vertex -15.1008 -102.5 24.4656
      vertex -14.1989 -102.5 22.9939
    endloop
  endfacet
  facet normal 0 -1 0
    outer loop
      vertex -15.1008 -102.5 24.4656
      vertex 17.5279 -102.5 22.7023
      vertex 18.3431 -102.5 23.6569
    endloop
  endfacet
  facet normal 0 -1 0
    outer loop
      vertex -14.1989 -102.5 22.9939
      vertex 16.8719 -102.5 21.6319
      vertex 17.5279 -102.5 22.7023
    endloop
  endfacet
  facet normal 0 -1 0
    outer loop
      vertex -13.5384 -102.5 21.3992
      vertex 16.8719 -102.5 21.6319
      vertex -14.1989 -102.5 22.9939
    endloop
  endfacet
  facet normal 0 -1 0
    outer loop
      vertex -13.5384 -102.5 21.3992
      vertex 16.3915 -102.5 20.4721
      vertex 16.8719 -102.5 21.6319
    endloop
  endfacet
  facet normal 0 -1 0
    outer loop
      vertex -13.1354 -102.5 19.7208
      vertex 16.3915 -102.5 20.4721
      vertex -13.5384 -102.5 21.3992
    endloop
  endfacet
  facet normal 0 -1 0
    outer loop
      vertex -13.1354 -102.5 19.7208
      vertex 16.0985 -102.5 19.2515
      vertex 16.3915 -102.5 20.4721
    endloop
  endfacet
  facet normal 0 -1 0
    outer loop
      vertex -13 -102.5 18
      vertex 16.0985 -102.5 19.2515
      vertex -13.1354 -102.5 19.7208
    endloop
  endfacet
  facet normal 0 -1 0
    outer loop
      vertex -13 -102.5 18
      vertex 16 -102.5 18
      vertex 16.0985 -102.5 19.2515
    endloop
  endfacet
  facet normal 0 -1 0
    outer loop
      vertex -13 -102.5 18
      vertex 16.0985 -102.5 16.7485
      vertex 16 -102.5 18
    endloop
  endfacet
  facet normal 0 -1 0
    outer loop
      vertex -13.1354 -102.5 16.2792
      vertex 16.0985 -102.5 16.7485
      vertex -13 -102.5 18
    endloop
  endfacet
  facet normal 0 -1 0
    outer loop
      vertex -13.1354 -102.5 16.2792
      vertex 16.3915 -102.5 15.5279
      vertex 16.0985 -102.5 16.7485
    endloop
  endfacet
  facet normal 0 -1 0
    outer loop
      vertex -13.5384 -102.5 14.6008
      vertex 16.3915 -102.5 15.5279
      vertex -13.1354 -102.5 16.2792
    endloop
  endfacet
  facet normal 0 -1 0
    outer loop
      vertex -13.5384 -102.5 14.6008
      vertex 16.8719 -102.5 14.3681
      vertex 16.3915 -102.5 15.5279
    endloop
  endfacet
  facet normal 0 -1 0
    outer loop
      vertex -14.1989 -102.5 13.0061
      vertex 16.8719 -102.5 14.3681
      vertex -13.5384 -102.5 14.6008
    endloop
  endfacet
  facet normal 0 -1 -0
    outer loop
      vertex 16.8719 -102.5 14.3681
      vertex -14.1989 -102.5 13.0061
      vertex 17.5279 -102.5 13.2977
    endloop
  endfacet
  facet normal 0 -1 0
    outer loop
      vertex -15.1008 -102.5 11.5344
      vertex 17.5279 -102.5 13.2977
      vertex -14.1989 -102.5 13.0061
    endloop
  endfacet
  facet normal 0 -1 -0
    outer loop
      vertex 17.5279 -102.5 13.2977
      vertex -15.1008 -102.5 11.5344
      vertex 18.3431 -102.5 12.3431
    endloop
  endfacet
  facet normal 0 -1 0
    outer loop
      vertex -16.2218 -102.5 10.2218
      vertex 18.3431 -102.5 12.3431
      vertex -15.1008 -102.5 11.5344
    endloop
  endfacet
  facet normal 0 -1 -0
    outer loop
      vertex 18.3431 -102.5 12.3431
      vertex -16.2218 -102.5 10.2218
      vertex 19.2977 -102.5 11.5279
    endloop
  endfacet
  facet normal 0 -1 0
    outer loop
      vertex -17.5344 -102.5 9.10081
      vertex 19.2977 -102.5 11.5279
      vertex -16.2218 -102.5 10.2218
    endloop
  endfacet
  facet normal 0 -1 -0
    outer loop
      vertex 19.2977 -102.5 11.5279
      vertex -17.5344 -102.5 9.10081
      vertex 20.3681 -102.5 10.8719
    endloop
  endfacet
  facet normal 0 -1 0
    outer loop
      vertex -19.0061 -102.5 8.19893
      vertex 20.3681 -102.5 10.8719
      vertex -17.5344 -102.5 9.10081
    endloop
  endfacet
  facet normal 0 -1 -0
    outer loop
      vertex 20.3681 -102.5 10.8719
      vertex -19.0061 -102.5 8.19893
      vertex 21.5279 -102.5 10.3915
    endloop
  endfacet
  facet normal 0 -1 0
    outer loop
      vertex -20.6008 -102.5 7.53838
      vertex 21.5279 -102.5 10.3915
      vertex -19.0061 -102.5 8.19893
    endloop
  endfacet
  facet normal 0 -1 0
    outer loop
      vertex -22.2792 -102.5 28.8646
      vertex -53 -102.5 46
      vertex -24 -102.5 29
    endloop
  endfacet
  facet normal 0 -1 0
    outer loop
      vertex -53 -102.5 46
      vertex -25.7208 -102.5 28.8646
      vertex -24 -102.5 29
    endloop
  endfacet
  facet normal 0 -1 0
    outer loop
      vertex -53 -102.5 46
      vertex -27.3992 -102.5 28.4616
      vertex -25.7208 -102.5 28.8646
    endloop
  endfacet
  facet normal 0 -1 0
    outer loop
      vertex -53 -102.5 46
      vertex -28.9939 -102.5 27.8011
      vertex -27.3992 -102.5 28.4616
    endloop
  endfacet
  facet normal 0 -1 0
    outer loop
      vertex -53 -102.5 46
      vertex -30.4656 -102.5 26.8992
      vertex -28.9939 -102.5 27.8011
    endloop
  endfacet
  facet normal 0 -1 0
    outer loop
      vertex -53 -102.5 46
      vertex -31.7782 -102.5 25.7782
      vertex -30.4656 -102.5 26.8992
    endloop
  endfacet
  facet normal 0 -1 0
    outer loop
      vertex -53 -102.5 46
      vertex -32.8992 -102.5 24.4656
      vertex -31.7782 -102.5 25.7782
    endloop
  endfacet
  facet normal 0 -1 0
    outer loop
      vertex -53 -102.5 46
      vertex -33.8011 -102.5 22.9939
      vertex -32.8992 -102.5 24.4656
    endloop
  endfacet
  facet normal 0 -1 0
    outer loop
      vertex -53 -102.5 46
      vertex -34.4616 -102.5 21.3992
      vertex -33.8011 -102.5 22.9939
    endloop
  endfacet
  facet normal 0 -1 0
    outer loop
      vertex -53 -102.5 46
      vertex -34.8646 -102.5 19.7208
      vertex -34.4616 -102.5 21.3992
    endloop
  endfacet
  facet normal 0 -1 0
    outer loop
      vertex -53 -102.5 0
      vertex -34.8646 -102.5 19.7208
      vertex -53 -102.5 46
    endloop
  endfacet
  facet normal 0 -1 0
    outer loop
      vertex -34.8646 -102.5 19.7208
      vertex -53 -102.5 0
      vertex -35 -102.5 18
    endloop
  endfacet
  facet normal 0 -1 -0
    outer loop
      vertex -35 -102.5 18
      vertex -53 -102.5 0
      vertex -34.8646 -102.5 16.2792
    endloop
  endfacet
  facet normal 0 -1 -0
    outer loop
      vertex -34.8646 -102.5 16.2792
      vertex -53 -102.5 0
      vertex -34.4616 -102.5 14.6008
    endloop
  endfacet
  facet normal 0 -1 -0
    outer loop
      vertex -25.7208 -102.5 7.13543
      vertex -53 -102.5 0
      vertex -24 -102.5 7
    endloop
  endfacet
  facet normal 0 -1 -0
    outer loop
      vertex -27.3992 -102.5 7.53838
      vertex -53 -102.5 0
      vertex -25.7208 -102.5 7.13543
    endloop
  endfacet
  facet normal 0 -1 -0
    outer loop
      vertex -28.9939 -102.5 8.19893
      vertex -53 -102.5 0
      vertex -27.3992 -102.5 7.53838
    endloop
  endfacet
  facet normal 0 -1 -0
    outer loop
      vertex -30.4656 -102.5 9.10081
      vertex -53 -102.5 0
      vertex -28.9939 -102.5 8.19893
    endloop
  endfacet
  facet normal 0 -1 -0
    outer loop
      vertex -31.7782 -102.5 10.2218
      vertex -53 -102.5 0
      vertex -30.4656 -102.5 9.10081
    endloop
  endfacet
  facet normal 0 -1 -0
    outer loop
      vertex -32.8992 -102.5 11.5344
      vertex -53 -102.5 0
      vertex -31.7782 -102.5 10.2218
    endloop
  endfacet
  facet normal 0 -1 -0
    outer loop
      vertex -33.8011 -102.5 13.0061
      vertex -53 -102.5 0
      vertex -32.8992 -102.5 11.5344
    endloop
  endfacet
  facet normal 0 -1 -0
    outer loop
      vertex -34.4616 -102.5 14.6008
      vertex -53 -102.5 0
      vertex -33.8011 -102.5 13.0061
    endloop
  endfacet
  facet normal 0 -1 0
    outer loop
      vertex -20.6008 -102.5 28.4616
      vertex -53 -102.5 46
      vertex -22.2792 -102.5 28.8646
    endloop
  endfacet
  facet normal 0 -1 0
    outer loop
      vertex -53 -102.5 46
      vertex -20.6008 -102.5 28.4616
      vertex 53 -102.5 46
    endloop
  endfacet
  facet normal 0 -1 0
    outer loop
      vertex -19.0061 -102.5 27.8011
      vertex 53 -102.5 46
      vertex -20.6008 -102.5 28.4616
    endloop
  endfacet
  facet normal 0 -1 0
    outer loop
      vertex 20.3681 -102.5 25.1281
      vertex -19.0061 -102.5 27.8011
      vertex -17.5344 -102.5 26.8992
    endloop
  endfacet
  facet normal 0 -1 0
    outer loop
      vertex 22.7485 -102.5 25.9015
      vertex 53 -102.5 46
      vertex -19.0061 -102.5 27.8011
    endloop
  endfacet
  facet normal 0 -1 0
    outer loop
      vertex 25.2515 -102.5 25.9015
      vertex 53 -102.5 46
      vertex 24 -102.5 26
    endloop
  endfacet
  facet normal 0 -1 0
    outer loop
      vertex 26.4721 -102.5 25.6085
      vertex 53 -102.5 46
      vertex 25.2515 -102.5 25.9015
    endloop
  endfacet
  facet normal 0 -1 0
    outer loop
      vertex 27.6319 -102.5 25.1281
      vertex 53 -102.5 46
      vertex 26.4721 -102.5 25.6085
    endloop
  endfacet
  facet normal 0 -1 0
    outer loop
      vertex 28.7023 -102.5 24.4721
      vertex 53 -102.5 46
      vertex 27.6319 -102.5 25.1281
    endloop
  endfacet
  facet normal 0 -1 0
    outer loop
      vertex 29.6569 -102.5 23.6569
      vertex 53 -102.5 46
      vertex 28.7023 -102.5 24.4721
    endloop
  endfacet
  facet normal 0 -1 0
    outer loop
      vertex 30.4721 -102.5 22.7023
      vertex 53 -102.5 46
      vertex 29.6569 -102.5 23.6569
    endloop
  endfacet
  facet normal 0 -1 0
    outer loop
      vertex 31.1281 -102.5 21.6319
      vertex 53 -102.5 46
      vertex 30.4721 -102.5 22.7023
    endloop
  endfacet
  facet normal 0 -1 0
    outer loop
      vertex 31.6085 -102.5 20.4721
      vertex 53 -102.5 46
      vertex 31.1281 -102.5 21.6319
    endloop
  endfacet
  facet normal 0 -1 0
    outer loop
      vertex 31.9015 -102.5 19.2515
      vertex 53 -102.5 46
      vertex 31.6085 -102.5 20.4721
    endloop
  endfacet
  facet normal 0 -1 0
    outer loop
      vertex 53 -102.5 0
      vertex 31.9015 -102.5 19.2515
      vertex 32 -102.5 18
    endloop
  endfacet
  facet normal 0 -1 0
    outer loop
      vertex 53 -102.5 0
      vertex 32 -102.5 18
      vertex 31.9015 -102.5 16.7485
    endloop
  endfacet
  facet normal 0 -1 0
    outer loop
      vertex 53 -102.5 0
      vertex 31.9015 -102.5 16.7485
      vertex 31.6085 -102.5 15.5279
    endloop
  endfacet
  facet normal 0 -1 0
    outer loop
      vertex 53 -102.5 0
      vertex 31.6085 -102.5 15.5279
      vertex 31.1281 -102.5 14.3681
    endloop
  endfacet
  facet normal 0 -1 0
    outer loop
      vertex 53 -102.5 0
      vertex 31.1281 -102.5 14.3681
      vertex 30.4721 -102.5 13.2977
    endloop
  endfacet
  facet normal 0 -1 -0
    outer loop
      vertex 21.5279 -102.5 10.3915
      vertex -20.6008 -102.5 7.53838
      vertex 22.7485 -102.5 10.0985
    endloop
  endfacet
  facet normal 0 -1 0
    outer loop
      vertex 53 -102.5 0
      vertex 22.7485 -102.5 10.0985
      vertex -20.6008 -102.5 7.53838
    endloop
  endfacet
  facet normal 0 -1 0
    outer loop
      vertex 53 -102.5 0
      vertex -20.6008 -102.5 7.53838
      vertex -22.2792 -102.5 7.13543
    endloop
  endfacet
  facet normal 0 -1 0
    outer loop
      vertex -53 -102.5 0
      vertex -22.2792 -102.5 7.13543
      vertex -24 -102.5 7
    endloop
  endfacet
  facet normal 0 -1 -0
    outer loop
      vertex -22.2792 -102.5 7.13543
      vertex -53 -102.5 0
      vertex 53 -102.5 0
    endloop
  endfacet
  facet normal 0 -1 0
    outer loop
      vertex 22.7485 -102.5 10.0985
      vertex 53 -102.5 0
      vertex 24 -102.5 10
    endloop
  endfacet
  facet normal 0 -1 0
    outer loop
      vertex 31.9015 -102.5 19.2515
      vertex 53 -102.5 0
      vertex 53 -102.5 46
    endloop
  endfacet
  facet normal 0 -1 0
    outer loop
      vertex 29.6569 -102.5 12.3431
      vertex 53 -102.5 0
      vertex 30.4721 -102.5 13.2977
    endloop
  endfacet
  facet normal 0 -1 0
    outer loop
      vertex 28.7023 -102.5 11.5279
      vertex 53 -102.5 0
      vertex 29.6569 -102.5 12.3431
    endloop
  endfacet
  facet normal 0 -1 0
    outer loop
      vertex 27.6319 -102.5 10.8719
      vertex 53 -102.5 0
      vertex 28.7023 -102.5 11.5279
    endloop
  endfacet
  facet normal 0 -1 0
    outer loop
      vertex 26.4721 -102.5 10.3915
      vertex 53 -102.5 0
      vertex 27.6319 -102.5 10.8719
    endloop
  endfacet
  facet normal 0 -1 0
    outer loop
      vertex 25.2515 -102.5 10.0985
      vertex 53 -102.5 0
      vertex 26.4721 -102.5 10.3915
    endloop
  endfacet
  facet normal 0 -1 0
    outer loop
      vertex 24 -102.5 10
      vertex 53 -102.5 0
      vertex 25.2515 -102.5 10.0985
    endloop
  endfacet
  facet normal 0.992768 0.120046 1.99035e-17
    outer loop
      vertex 110 0 5
      vertex 107.242 22.8084 0
      vertex 107.242 22.8084 5
    endloop
  endfacet
  facet normal 0.992768 0.120046 1.99035e-17
    outer loop
      vertex 107.242 22.8084 0
      vertex 110 0 5
      vertex 110 0 0
    endloop
  endfacet
  facet normal -0.992768 0.120046 -1.99035e-17
    outer loop
      vertex -110 0 0
      vertex -107.242 22.8084 5
      vertex -107.242 22.8084 0
    endloop
  endfacet
  facet normal -0.992768 0.120046 -1.99035e-17
    outer loop
      vertex -107.242 22.8084 5
      vertex -110 0 0
      vertex -110 0 5
    endloop
  endfacet
  facet normal 0.104417 0.994534 -0
    outer loop
      vertex 24.4773 99.9301 0
      vertex 0 102.5 5
      vertex 24.4773 99.9301 5
    endloop
  endfacet
  facet normal 0.104417 0.994534 0
    outer loop
      vertex 0 102.5 5
      vertex 24.4773 99.9301 0
      vertex 0 102.5 0
    endloop
  endfacet
  facet normal 0.681725 0.731609 -0
    outer loop
      vertex 86.0015 63.9077 0
      vertex 68.5839 80.1377 5
      vertex 86.0015 63.9077 5
    endloop
  endfacet
  facet normal 0.681725 0.731609 0
    outer loop
      vertex 68.5839 80.1377 5
      vertex 86.0015 63.9077 0
      vertex 68.5839 80.1377 0
    endloop
  endfacet
  facet normal -0.681724 0.731609 3.6545e-18
    outer loop
      vertex -81.9195 67.7114 0
      vertex -68.5839 80.1377 5
      vertex -68.5839 80.1377 0
    endloop
  endfacet
  facet normal -0.681726 0.731607 1.20159e-05
    outer loop
      vertex -68.5839 80.1377 5
      vertex -81.9195 67.7114 0
      vertex -85.0712 64.7745 5
    endloop
  endfacet
  facet normal 0 0 1
    outer loop
      vertex 110 0 5
      vertex 97.8604 -5.33993 5
      vertex 97.8681 -5.40184 5
    endloop
  endfacet
  facet normal 0 0 1
    outer loop
      vertex 99.1066 44.4731 5
      vertex 90.2655 55.5844 5
      vertex 97.8604 -5.33993 5
    endloop
  endfacet
  facet normal 0 0 1
    outer loop
      vertex 86.0015 63.9077 5
      vertex 90.2655 55.5844 5
      vertex 99.1066 44.4731 5
    endloop
  endfacet
  facet normal 0 0 1
    outer loop
      vertex 68.5839 80.1377 5
      vertex 90.2655 55.5844 5
      vertex 86.0015 63.9077 5
    endloop
  endfacet
  facet normal -0 0 1
    outer loop
      vertex 38.8401 86.7311 5
      vertex 68.5839 80.1377 5
      vertex 47.7272 92.3493 5
    endloop
  endfacet
  facet normal 0 0 1
    outer loop
      vertex 68.5839 80.1377 5
      vertex 38.8401 86.7311 5
      vertex 90.2655 55.5844 5
    endloop
  endfacet
  facet normal 0 0 1
    outer loop
      vertex 47.7272 92.3493 5
      vertex 38.7878 86.7628 5
      vertex 38.8401 86.7311 5
    endloop
  endfacet
  facet normal 0 0 1
    outer loop
      vertex 47.7272 92.3493 5
      vertex 32.2924 89.9973 5
      vertex 38.7878 86.7628 5
    endloop
  endfacet
  facet normal 0 0 1
    outer loop
      vertex 24.4773 99.9301 5
      vertex 32.2924 89.9973 5
      vertex 47.7272 92.3493 5
    endloop
  endfacet
  facet normal 0 0 1
    outer loop
      vertex 24.4773 99.9301 5
      vertex 31.9598 89.3683 5
      vertex 32.2924 89.9973 5
    endloop
  endfacet
  facet normal 0 0 1
    outer loop
      vertex 24.4773 99.9301 5
      vertex 28.4462 82.7227 5
      vertex 31.9598 89.3683 5
    endloop
  endfacet
  facet normal 0 0 1
    outer loop
      vertex 24.4773 99.9301 5
      vertex 18.4025 78.7989 5
      vertex 28.4462 82.7227 5
    endloop
  endfacet
  facet normal 0 0 1
    outer loop
      vertex 24.4773 99.9301 5
      vertex 0.922003 91.7096 5
      vertex 18.4025 78.7989 5
    endloop
  endfacet
  facet normal 0 0 1
    outer loop
      vertex 0 102.5 5
      vertex 0.922003 91.7096 5
      vertex 24.4773 99.9301 5
    endloop
  endfacet
  facet normal 0 0 1
    outer loop
      vertex 0.922003 91.7096 5
      vertex 0 102.5 5
      vertex 0.869595 91.6964 5
    endloop
  endfacet
  facet normal -0 0 1
    outer loop
      vertex -24.4773 99.9301 5
      vertex 0.869595 91.6964 5
      vertex 0 102.5 5
    endloop
  endfacet
  facet normal 0 0 1
    outer loop
      vertex -24.4773 99.9301 5
      vertex -29.7366 84.0072 5
      vertex 0.869595 91.6964 5
    endloop
  endfacet
  facet normal -0 0 1
    outer loop
      vertex -47.7272 92.3493 5
      vertex -29.7366 84.0072 5
      vertex -24.4773 99.9301 5
    endloop
  endfacet
  facet normal 0 0 1
    outer loop
      vertex -29.7366 84.0072 5
      vertex -47.7272 92.3493 5
      vertex -37.7858 68.638 5
    endloop
  endfacet
  facet normal 0 0 1
    outer loop
      vertex -47.7272 92.3493 5
      vertex -65.4905 69.9057 5
      vertex -37.7858 68.638 5
    endloop
  endfacet
  facet normal -0 0 1
    outer loop
      vertex -68.5839 80.1377 5
      vertex -65.4905 69.9057 5
      vertex -47.7272 92.3493 5
    endloop
  endfacet
  facet normal 0 0 1
    outer loop
      vertex -65.4905 69.9057 5
      vertex -68.5839 80.1377 5
      vertex -65.5431 69.9081 5
    endloop
  endfacet
  facet normal 0 0 1
    outer loop
      vertex -68.5839 80.1377 5
      vertex -67.487 67.1983 5
      vertex -65.5431 69.9081 5
    endloop
  endfacet
  facet normal 0 0 1
    outer loop
      vertex -67.487 67.1983 5
      vertex -68.5839 80.1377 5
      vertex -85.0712 64.7745 5
    endloop
  endfacet
  facet normal 0 0 1
    outer loop
      vertex 97.8604 -5.33993 5
      vertex 110 0 5
      vertex 107.242 22.8084 5
    endloop
  endfacet
  facet normal 0 0 1
    outer loop
      vertex 110 0 5
      vertex 97.8681 -5.40184 5
      vertex 107.242 -22.8084 5
    endloop
  endfacet
  facet normal 0 0 1
    outer loop
      vertex 97.8604 -5.33993 5
      vertex 107.242 22.8084 5
      vertex 99.1066 44.4731 5
    endloop
  endfacet
  facet normal -0 0 1
    outer loop
      vertex 90.0912 -13.7107 5
      vertex 107.242 -22.8084 5
      vertex 97.8681 -5.40184 5
    endloop
  endfacet
  facet normal 0 0 1
    outer loop
      vertex 107.242 -22.8084 5
      vertex 90.0912 -13.7107 5
      vertex 102.063 -31.6546 5
    endloop
  endfacet
  facet normal -0 0 1
    outer loop
      vertex 102.063 -31.6546 5
      vertex 99.1066 -44.4731 5
      vertex 107.242 -22.8084 5
    endloop
  endfacet
  facet normal 0 -0 1
    outer loop
      vertex 99.1066 -44.4731 5
      vertex 102.063 -31.6546 5
      vertex 97.9929 -46.1246 5
    endloop
  endfacet
  facet normal 0 0 1
    outer loop
      vertex 38.7878 86.7628 5
      vertex 32.2924 89.9973 5
      vertex 31.4186 83.8839 5
    endloop
  endfacet
  facet normal 0 0 1
    outer loop
      vertex -107.242 22.8084 5
      vertex -97.0109 26.0417 5
      vertex -101.701 37.5631 5
    endloop
  endfacet
  facet normal 0 0 1
    outer loop
      vertex -97.0109 26.0417 5
      vertex -107.242 22.8084 5
      vertex -105.455 14.27 5
    endloop
  endfacet
  facet normal 0 0 1
    outer loop
      vertex -105.455 14.27 5
      vertex -107.242 22.8084 5
      vertex -105.488 14.2252 5
    endloop
  endfacet
  facet normal 0 0 1
    outer loop
      vertex -105.475 14.1668 5
      vertex -99.1066 -44.4731 5
      vertex -90.205 -57.674 5
    endloop
  endfacet
  facet normal 0 0 1
    outer loop
      vertex -110 0 5
      vertex -105.475 14.1668 5
      vertex -105.488 14.2252 5
    endloop
  endfacet
  facet normal 0 0 1
    outer loop
      vertex -110 0 5
      vertex -105.488 14.2252 5
      vertex -107.242 22.8084 5
    endloop
  endfacet
  facet normal 0 0 1
    outer loop
      vertex -105.475 14.1668 5
      vertex -107.242 -22.8084 5
      vertex -99.1066 -44.4731 5
    endloop
  endfacet
  facet normal 0 0 1
    outer loop
      vertex -105.475 14.1668 5
      vertex -110 0 5
      vertex -107.242 -22.8084 5
    endloop
  endfacet
  facet normal -0 0 1
    outer loop
      vertex -99.1066 44.4731 5
      vertex -100.802 39.9594 5
      vertex -92.7713 53.8681 5
    endloop
  endfacet
  facet normal 0 0 1
    outer loop
      vertex 59.6094 -80.2666 5
      vertex 68.5839 -80.1377 5
      vertex 75.4754 -73.716 5
    endloop
  endfacet
  facet normal 0 0 1
    outer loop
      vertex 53 -89.2621 5
      vertex 59.6094 -80.2666 5
      vertex 59.5591 -80.2873 5
    endloop
  endfacet
  facet normal 0 0 1
    outer loop
      vertex 53 -89.2621 5
      vertex 59.5117 -80.259 5
      vertex 53 -76.3699 5
    endloop
  endfacet
  facet normal -0 0 1
    outer loop
      vertex 59.6094 -80.2666 5
      vertex 53 -89.2621 5
      vertex 68.5839 -80.1377 5
    endloop
  endfacet
  facet normal 0 0 1
    outer loop
      vertex 59.5117 -80.259 5
      vertex 53 -89.2621 5
      vertex 59.5591 -80.2873 5
    endloop
  endfacet
  facet normal 0 0 1
    outer loop
      vertex -53 -79.91 5
      vertex -68.5839 -80.1377 5
      vertex -53 -89.2621 5
    endloop
  endfacet
  facet normal 0 0 1
    outer loop
      vertex -53 -79.91 5
      vertex -86.0015 -63.9077 5
      vertex -68.5839 -80.1377 5
    endloop
  endfacet
  facet normal -0 -0 1
    outer loop
      vertex -86.0015 -63.9077 5
      vertex -53 -79.91 5
      vertex -89.6979 -58.426 5
    endloop
  endfacet
  facet normal -0.309995 0.950738 0
    outer loop
      vertex -24.4773 99.9301 0
      vertex -47.7272 92.3493 5
      vertex -24.4773 99.9301 5
    endloop
  endfacet
  facet normal -0.309995 0.950738 0
    outer loop
      vertex -47.7272 92.3493 5
      vertex -24.4773 99.9301 0
      vertex -47.7272 92.3493 0
    endloop
  endfacet
  facet normal -0.992768 -0.120046 1.99035e-17
    outer loop
      vertex -107.242 -22.8084 0
      vertex -110 0 5
      vertex -110 0 0
    endloop
  endfacet
  facet normal -0.992768 -0.120046 1.99035e-17
    outer loop
      vertex -110 0 5
      vertex -107.242 -22.8084 0
      vertex -107.242 -22.8084 5
    endloop
  endfacet
  facet normal 0.829117 0.559076 0
    outer loop
      vertex 86.0015 63.9077 5
      vertex 89.1658 59.215 0
      vertex 86.0015 63.9077 0
    endloop
  endfacet
  facet normal 0.829114 0.55908 -5.51223e-06
    outer loop
      vertex 86.0015 63.9077 5
      vertex 91.1903 56.2127 2.99559
      vertex 89.1658 59.215 0
    endloop
  endfacet
  facet normal 0.829111 0.559084 -3.17559e-05
    outer loop
      vertex 99.1066 44.4731 5
      vertex 91.1903 56.2127 2.99559
      vertex 86.0015 63.9077 5
    endloop
  endfacet
  facet normal 0.829109 0.559087 -4.81398e-06
    outer loop
      vertex 99.1066 44.4731 5
      vertex 93.0295 53.4852 0
      vertex 91.1903 56.2127 2.99559
    endloop
  endfacet
  facet normal 0.829107 0.559089 -6.07093e-17
    outer loop
      vertex 93.0295 53.4852 0
      vertex 99.1066 44.4731 5
      vertex 99.1066 44.4731 0
    endloop
  endfacet
  facet normal 0.936171 0.351545 9.52299e-17
    outer loop
      vertex 107.242 22.8084 5
      vertex 99.1066 44.4731 0
      vertex 99.1066 44.4731 5
    endloop
  endfacet
  facet normal 0.936171 0.351545 9.52299e-17
    outer loop
      vertex 99.1066 44.4731 0
      vertex 107.242 22.8084 5
      vertex 107.242 22.8084 0
    endloop
  endfacet
  facet normal 0.309995 0.950738 -0
    outer loop
      vertex 47.7272 92.3493 0
      vertex 24.4773 99.9301 5
      vertex 47.7272 92.3493 5
    endloop
  endfacet
  facet normal 0.309995 0.950738 0
    outer loop
      vertex 24.4773 99.9301 5
      vertex 47.7272 92.3493 0
      vertex 24.4773 99.9301 0
    endloop
  endfacet
  facet normal 0.505265 0.862964 -0
    outer loop
      vertex 68.5839 80.1377 0
      vertex 47.7272 92.3493 5
      vertex 68.5839 80.1377 5
    endloop
  endfacet
  facet normal 0.505265 0.862964 0
    outer loop
      vertex 47.7272 92.3493 5
      vertex 68.5839 80.1377 0
      vertex 47.7272 92.3493 0
    endloop
  endfacet
  facet normal -0.829107 0.559089 3.91037e-17
    outer loop
      vertex -92.7713 53.8681 5
      vertex -99.1066 44.4731 3.43402
      vertex -99.1066 44.4731 5
    endloop
  endfacet
  facet normal -0.93618 0.351521 0
    outer loop
      vertex -107.242 22.8084 5
      vertex -102.986 34.1431 0
      vertex -107.242 22.8084 0
    endloop
  endfacet
  facet normal -0.936162 0.351568 0.000121434
    outer loop
      vertex -102.986 34.1431 0
      vertex -107.242 22.8084 5
      vertex -101.701 37.5631 5
    endloop
  endfacet
  facet normal -0.936141 0.351626 0
    outer loop
      vertex -99.1066 44.4731 3.43402
      vertex -100.802 39.9594 5
      vertex -99.1066 44.4731 5
    endloop
  endfacet
  facet normal -0.505265 0.862964 0
    outer loop
      vertex -47.7272 92.3493 0
      vertex -68.5839 80.1377 5
      vertex -47.7272 92.3493 5
    endloop
  endfacet
  facet normal -0.505265 0.862964 0
    outer loop
      vertex -68.5839 80.1377 5
      vertex -47.7272 92.3493 0
      vertex -68.5839 80.1377 0
    endloop
  endfacet
  facet normal -0.104417 0.994534 0
    outer loop
      vertex 0 102.5 0
      vertex -24.4773 99.9301 5
      vertex 0 102.5 5
    endloop
  endfacet
  facet normal -0.104417 0.994534 0
    outer loop
      vertex -24.4773 99.9301 5
      vertex 0 102.5 0
      vertex -24.4773 99.9301 0
    endloop
  endfacet
  facet normal 0.992768 -0.120046 -1.99035e-17
    outer loop
      vertex 107.242 -22.8084 5
      vertex 110 0 0
      vertex 110 0 5
    endloop
  endfacet
  facet normal 0.992768 -0.120046 -1.99035e-17
    outer loop
      vertex 110 0 0
      vertex 107.242 -22.8084 5
      vertex 107.242 -22.8084 0
    endloop
  endfacet
  facet normal 0.505267 -0.862963 0
    outer loop
      vertex 53 -89.2621 0
      vertex 68.5839 -80.1377 5
      vertex 53 -89.2621 5
    endloop
  endfacet
  facet normal 0.505267 -0.862963 0
    outer loop
      vertex 68.5839 -80.1377 5
      vertex 53 -89.2621 0
      vertex 68.5839 -80.1377 0
    endloop
  endfacet
  facet normal -0.681725 -0.731609 0
    outer loop
      vertex -86.0015 -63.9077 0
      vertex -68.5839 -80.1377 5
      vertex -86.0015 -63.9077 5
    endloop
  endfacet
  facet normal -0.681725 -0.731609 -0
    outer loop
      vertex -68.5839 -80.1377 5
      vertex -86.0015 -63.9077 0
      vertex -68.5839 -80.1377 0
    endloop
  endfacet
  facet normal -0.936171 -0.351545 9.52299e-17
    outer loop
      vertex -99.1066 -44.4731 0
      vertex -107.242 -22.8084 5
      vertex -107.242 -22.8084 0
    endloop
  endfacet
  facet normal -0.936171 -0.351545 9.52299e-17
    outer loop
      vertex -107.242 -22.8084 5
      vertex -99.1066 -44.4731 0
      vertex -99.1066 -44.4731 5
    endloop
  endfacet
  facet normal 0.681721 -0.731613 -6.01035e-18
    outer loop
      vertex 70.6955 -78.1701 0
      vertex 68.5839 -80.1377 5
      vertex 68.5839 -80.1377 0
    endloop
  endfacet
  facet normal 0.68173 -0.731604 7.35309e-06
    outer loop
      vertex 68.5839 -80.1377 5
      vertex 70.6955 -78.1701 0
      vertex 75.4754 -73.716 5
    endloop
  endfacet
  facet normal 0.936171 -0.351544 0
    outer loop
      vertex 107.242 -22.8084 5
      vertex 104.21 -30.8827 0
      vertex 107.242 -22.8084 0
    endloop
  endfacet
  facet normal 0.936241 -0.351357 -0.000344311
    outer loop
      vertex 107.242 -22.8084 5
      vertex 104.038 -31.3419 0.899316
      vertex 104.21 -30.8827 0
    endloop
  endfacet
  facet normal 0.936171 -0.351545 0.000102607
    outer loop
      vertex 99.1066 -44.4731 5
      vertex 104.038 -31.3419 0.899316
      vertex 107.242 -22.8084 5
    endloop
  endfacet
  facet normal 0.93616 -0.351573 2.95558e-16
    outer loop
      vertex 104.038 -31.3419 0.899316
      vertex 99.1066 -44.4731 5
      vertex 99.1066 -44.4731 3.58902
    endloop
  endfacet
  facet normal 0.829096 -0.559106 0
    outer loop
      vertex 99.1066 -44.4731 5
      vertex 97.9929 -46.1246 5
      vertex 99.1066 -44.4731 3.58902
    endloop
  endfacet
  facet normal -0.505267 -0.862963 0
    outer loop
      vertex -68.5839 -80.1377 0
      vertex -53 -89.2621 5
      vertex -68.5839 -80.1377 5
    endloop
  endfacet
  facet normal -0.505267 -0.862963 -0
    outer loop
      vertex -53 -89.2621 5
      vertex -68.5839 -80.1377 0
      vertex -53 -89.2621 0
    endloop
  endfacet
  facet normal -0.829109 -0.559087 1.70817e-17
    outer loop
      vertex -93.3607 -52.9941 0
      vertex -99.1066 -44.4731 5
      vertex -99.1066 -44.4731 0
    endloop
  endfacet
  facet normal -0.829111 -0.559084 -6.50318e-06
    outer loop
      vertex -99.1066 -44.4731 5
      vertex -93.3607 -52.9941 0
      vertex -90.205 -57.674 5
    endloop
  endfacet
  facet normal -0.82913 -0.559056 -0
    outer loop
      vertex -86.0015 -63.9077 5
      vertex -86.7496 -62.7982 0
      vertex -86.0015 -63.9077 0
    endloop
  endfacet
  facet normal -0.829111 -0.559083 -8.95495e-06
    outer loop
      vertex -86.7496 -62.7982 0
      vertex -86.0015 -63.9077 5
      vertex -89.6979 -58.426 5
    endloop
  endfacet
  facet normal -0 0 1
    outer loop
      vertex -33.8949 -7.42691 160
      vertex -30.1171 -7.59977 160
      vertex -31.1836 -6.06802 160
    endloop
  endfacet
  facet normal 0 0 1
    outer loop
      vertex -30.1171 -7.59977 160
      vertex -33.498 -9.29428 160
      vertex -30.4684 -9.4329 160
    endloop
  endfacet
  facet normal 0 0 1
    outer loop
      vertex -33.8949 -7.42691 160
      vertex -31.1836 -6.06802 160
      vertex -32.8649 -5.99109 160
    endloop
  endfacet
  facet normal 0 0 1
    outer loop
      vertex -30.4684 -9.4329 160
      vertex -33.498 -9.29428 160
      vertex -31.9731 -10.187 160
    endloop
  endfacet
  facet normal 0 0 1
    outer loop
      vertex -30.1171 -7.59977 160
      vertex -33.8949 -7.42691 160
      vertex -33.498 -9.29428 160
    endloop
  endfacet
  facet normal 0.75325 0.524498 0.396883
    outer loop
      vertex -31.1836 -6.06802 160
      vertex 0.056595 -1.18616 94.2572
      vertex 0.035776 -0.169005 92.9525
    endloop
  endfacet
  facet normal 0.753266 0.524471 0.396889
    outer loop
      vertex 0.056595 -1.18616 94.2572
      vertex -31.1836 -6.06802 160
      vertex -30.1171 -7.59977 160
    endloop
  endfacet
  facet normal 0.753264 0.524484 0.396875
    outer loop
      vertex -4.71312 42.6829 45.3359
      vertex 1.15841 12.4574 74.1359
      vertex -4.33779 42.6382 44.6826
    endloop
  endfacet
  facet normal 0.753258 0.524489 0.396881
    outer loop
      vertex -9.34426 45.6156 50.2499
      vertex 1.15841 12.4574 74.1359
      vertex -4.71312 42.6829 45.3359
    endloop
  endfacet
  facet normal 0.753252 0.524492 0.396887
    outer loop
      vertex -9.34426 45.6156 50.2499
      vertex -0.124571 7.66507 82.904
      vertex 1.15841 12.4574 74.1359
    endloop
  endfacet
  facet normal 0.753255 0.52449 0.396885
    outer loop
      vertex -31.1836 -6.06802 160
      vertex -0.124571 7.66507 82.904
      vertex -9.34426 45.6156 50.2499
    endloop
  endfacet
  facet normal 0.753256 0.524488 0.396885
    outer loop
      vertex -0.124571 7.66507 82.904
      vertex -31.1836 -6.06802 160
      vertex 0.035776 -0.169005 92.9525
    endloop
  endfacet
  facet normal -0.459556 -0.78499 0.415451
    outer loop
      vertex -33.498 -9.29428 160
      vertex -91.9202 -59.7712 0
      vertex -31.9731 -10.187 160
    endloop
  endfacet
  facet normal -0.45955 -0.784993 0.415452
    outer loop
      vertex -31.9731 -10.187 160
      vertex -42.8374 -54.4084 64.4266
      vertex -36.0023 -54.8527 71.1477
    endloop
  endfacet
  facet normal -0.459557 -0.784989 0.415451
    outer loop
      vertex -89.6979 -58.426 5
      vertex -42.8374 -54.4084 64.4266
      vertex -31.9731 -10.187 160
    endloop
  endfacet
  facet normal -0.459556 -0.784991 0.415449
    outer loop
      vertex -36.2919 -72.7556 37
      vertex -31.2387 -69.7939 48.1858
      vertex -45.0993 -57.5374 56.0123
    endloop
  endfacet
  facet normal -0.459563 -0.784985 0.415451
    outer loop
      vertex -31.2387 -69.7939 48.1858
      vertex -36.2919 -72.7556 37
      vertex -31.1807 -74.5 39.3579
    endloop
  endfacet
  facet normal -0.459555 -0.784991 0.41545
    outer loop
      vertex -45.0993 -57.5374 56.0123
      vertex -51.8436 -72.7556 19.7973
      vertex -36.2919 -72.7556 37
    endloop
  endfacet
  facet normal -0.459553 -0.784993 0.415448
    outer loop
      vertex -42.8374 -54.4084 64.4266
      vertex -89.6979 -58.426 5
      vertex -45.0993 -57.5374 56.0123
    endloop
  endfacet
  facet normal -0.459568 -0.784983 0.41545
    outer loop
      vertex -51.8436 -72.7556 19.7973
      vertex -53 -74.5 15.2221
      vertex -51.8436 -74.5 16.5013
    endloop
  endfacet
  facet normal -0.459555 -0.784991 0.41545
    outer loop
      vertex -45.0993 -57.5374 56.0123
      vertex -89.6979 -58.426 5
      vertex -51.8436 -72.7556 19.7973
    endloop
  endfacet
  facet normal -0.459555 -0.784991 0.41545
    outer loop
      vertex -51.8436 -72.7556 19.7973
      vertex -89.6979 -58.426 5
      vertex -53 -74.5 15.2221
    endloop
  endfacet
  facet normal -0.459586 -0.784969 0.415456
    outer loop
      vertex -91.9202 -59.7712 0
      vertex -89.6979 -58.426 5
      vertex -31.9731 -10.187 160
    endloop
  endfacet
  facet normal -0.459554 -0.784992 0.415448
    outer loop
      vertex -89.6979 -58.426 5
      vertex -91.9202 -59.7712 0
      vertex -86.7496 -62.7982 0
    endloop
  endfacet
  facet normal -0.459557 -0.784989 0.415451
    outer loop
      vertex -31.9731 -10.187 160
      vertex -36.0023 -54.8527 71.1477
      vertex -31.3616 -59.8153 66.9043
    endloop
  endfacet
  facet normal -0.459565 -0.784981 0.415458
    outer loop
      vertex -31.1807 -74.5 39.3579
      vertex -36.2919 -72.7556 37
      vertex -33.3123 -74.5 37
    endloop
  endfacet
  facet normal -0.459555 -0.784989 0.415452
    outer loop
      vertex -53 -74.5 15.2221
      vertex -89.6979 -58.426 5
      vertex -53 -79.91 5
    endloop
  endfacet
  facet normal 0.40402 -0.806111 0.432381
    outer loop
      vertex -20.5263 -44.1198 86.0417
      vertex -31.3616 -59.8153 66.9043
      vertex -17.8143 -47.273 77.6289
    endloop
  endfacet
  facet normal 0.404013 -0.806112 0.432385
    outer loop
      vertex -21.8024 -42.6362 90
      vertex -31.3616 -59.8153 66.9043
      vertex -20.5263 -44.1198 86.0417
    endloop
  endfacet
  facet normal 0.404017 -0.806111 0.432383
    outer loop
      vertex -31.3616 -59.8153 66.9043
      vertex -21.8024 -42.6362 90
      vertex -31.9731 -10.187 160
    endloop
  endfacet
  facet normal 0.404024 -0.806108 0.432382
    outer loop
      vertex -16.8589 -40.1585 90
      vertex -31.9731 -10.187 160
      vertex -21.8024 -42.6362 90
    endloop
  endfacet
  facet normal 0.404046 -0.806066 0.43244
    outer loop
      vertex -1.35444 -37.7516 80
      vertex -16.8589 -40.1585 90
      vertex -14.9722 -40.1763 88.204
    endloop
  endfacet
  facet normal 0.404016 -0.806116 0.432375
    outer loop
      vertex -1.35444 -37.7516 80
      vertex -14.9722 -40.1763 88.204
      vertex -9.61959 -41.894 80
    endloop
  endfacet
  facet normal 0.404016 -0.806112 0.432382
    outer loop
      vertex -16.8589 -40.1585 90
      vertex -1.35444 -37.7516 80
      vertex -31.9731 -10.187 160
    endloop
  endfacet
  facet normal 0.404013 -0.806111 0.432387
    outer loop
      vertex -31.1807 -74.5 39.3579
      vertex -26.4421 -71 41.4554
      vertex -31.2387 -69.7939 48.1858
    endloop
  endfacet
  facet normal 0.404019 -0.806113 0.432377
    outer loop
      vertex -28.6573 -74.5 37
      vertex -26.4421 -71 41.4554
      vertex -31.1807 -74.5 39.3579
    endloop
  endfacet
  facet normal 0.404018 -0.806113 0.432378
    outer loop
      vertex -25.1768 -72.7556 37
      vertex -26.4421 -71 41.4554
      vertex -28.6573 -74.5 37
    endloop
  endfacet
  facet normal 0.404037 -0.806103 0.432379
    outer loop
      vertex -26.4421 -71 41.4554
      vertex -25.1768 -72.7556 37
      vertex -24.5925 -72.7556 36.454
    endloop
  endfacet
  facet normal 0.404029 -0.806098 0.432396
    outer loop
      vertex -21.5306 -69.1891 40.2421
      vertex -31.2387 -69.7939 48.1858
      vertex -26.4421 -71 41.4554
    endloop
  endfacet
  facet normal 0.404018 -0.806111 0.432382
    outer loop
      vertex -31.2387 -69.7939 48.1858
      vertex -21.5306 -69.1891 40.2421
      vertex -7.66095 -51.821 59.6625
    endloop
  endfacet
  facet normal 0.404019 -0.806111 0.432381
    outer loop
      vertex 0 -61.2507 34.9238
      vertex -7.66095 -51.821 59.6625
      vertex -21.5306 -69.1891 40.2421
    endloop
  endfacet
  facet normal 0.404012 -0.806115 0.432381
    outer loop
      vertex -7.66095 -51.821 59.6625
      vertex 0 -61.2507 34.9238
      vertex 16.3626 -62.2685 17.7372
    endloop
  endfacet
  facet normal 0.404017 -0.80611 0.432385
    outer loop
      vertex 4.21662 -42.7669 65.444
      vertex 0.923241 -45.2774 63.8409
      vertex 10.3744 -48.3105 49.3551
    endloop
  endfacet
  facet normal 0.0412149 0.900748 0.432382
    outer loop
      vertex -65.4905 69.9057 5
      vertex -32.8649 -5.99109 160
      vertex -31.1836 -6.06802 160
    endloop
  endfacet
  facet normal 0.0410985 0.900743 0.432404
    outer loop
      vertex -32.8649 -5.99109 160
      vertex -65.4905 69.9057 5
      vertex -65.5431 69.9081 5
    endloop
  endfacet
  facet normal 0.0412095 0.900749 0.432382
    outer loop
      vertex -17.0506 46.5285 49.0826
      vertex -31.1836 -6.06802 160
      vertex -9.34426 45.6156 50.2499
    endloop
  endfacet
  facet normal 0.0412273 0.900747 0.432383
    outer loop
      vertex -17.584 46.5917 49.0018
      vertex -31.1836 -6.06802 160
      vertex -17.0506 46.5285 49.0826
    endloop
  endfacet
  facet normal 0.0412133 0.900748 0.432382
    outer loop
      vertex -32.3707 56.8692 29.0009
      vertex -31.1836 -6.06802 160
      vertex -17.584 46.5917 49.0018
    endloop
  endfacet
  facet normal 0.0412404 0.90076 0.432354
    outer loop
      vertex -65.4905 69.9057 5
      vertex -32.3707 56.8692 29.0009
      vertex -32.7341 57.1218 28.5093
    endloop
  endfacet
  facet normal 0.0411768 0.900729 0.432426
    outer loop
      vertex -65.4905 69.9057 5
      vertex -32.7341 57.1218 28.5093
      vertex -32.8448 57.3742 27.9941
    endloop
  endfacet
  facet normal 0.0412161 0.900749 0.432381
    outer loop
      vertex -65.4905 69.9057 5
      vertex -32.8448 57.3742 27.9941
      vertex -37.7858 68.638 5
    endloop
  endfacet
  facet normal 0.0412154 0.900748 0.432382
    outer loop
      vertex -32.3707 56.8692 29.0009
      vertex -65.4905 69.9057 5
      vertex -31.1836 -6.06802 160
    endloop
  endfacet
  facet normal -0.73912 0.530187 0.415455
    outer loop
      vertex -105.455 14.27 5
      vertex -75.9422 25.1209 43.6576
      vertex -97.0109 26.0417 5
    endloop
  endfacet
  facet normal -0.739129 0.530164 0.415468
    outer loop
      vertex -75.9422 25.1209 43.6576
      vertex -105.455 14.27 5
      vertex -75.2983 25.0927 44.8391
    endloop
  endfacet
  facet normal -0.739108 0.530206 0.415451
    outer loop
      vertex -60.8501 53.3732 34.4512
      vertex -65.5431 69.9081 5
      vertex -67.487 67.1983 5
    endloop
  endfacet
  facet normal -0.73902 0.5303 0.41549
    outer loop
      vertex -60.6028 52.8581 35.5485
      vertex -65.5431 69.9081 5
      vertex -60.8501 53.3732 34.4512
    endloop
  endfacet
  facet normal -0.739109 0.530206 0.415451
    outer loop
      vertex -32.8649 -5.99109 160
      vertex -60.5204 51.6919 37.1834
      vertex -59.5142 37.4509 57.1481
    endloop
  endfacet
  facet normal -0.739102 0.530214 0.415452
    outer loop
      vertex -32.8649 -5.99109 160
      vertex -59.8107 36.6552 57.636
      vertex -61.4143 32.3525 60.2744
    endloop
  endfacet
  facet normal -0.739113 0.530201 0.41545
    outer loop
      vertex -60.6028 52.8581 35.5485
      vertex -32.8649 -5.99109 160
      vertex -65.5431 69.9081 5
    endloop
  endfacet
  facet normal -0.739119 0.530194 0.415448
    outer loop
      vertex -60.5204 51.6919 37.1834
      vertex -32.8649 -5.99109 160
      vertex -60.6028 52.8581 35.5485
    endloop
  endfacet
  facet normal -0.739145 0.530163 0.415442
    outer loop
      vertex -59.8107 36.6552 57.636
      vertex -32.8649 -5.99109 160
      vertex -59.5142 37.4509 57.1481
    endloop
  endfacet
  facet normal -0.739084 0.530237 0.415456
    outer loop
      vertex -61.8995 31.8756 60.0199
      vertex -32.8649 -5.99109 160
      vertex -61.4143 32.3525 60.2744
    endloop
  endfacet
  facet normal -0.739109 0.530205 0.415451
    outer loop
      vertex -64.9909 28.8368 58.3983
      vertex -32.8649 -5.99109 160
      vertex -61.8995 31.8756 60.0199
    endloop
  endfacet
  facet normal -0.739114 0.530199 0.415451
    outer loop
      vertex -74.2207 25.4841 46.2566
      vertex -32.8649 -5.99109 160
      vertex -64.9909 28.8368 58.3983
    endloop
  endfacet
  facet normal -0.739085 0.530239 0.415451
    outer loop
      vertex -75.2983 25.0927 44.8391
      vertex -32.8649 -5.99109 160
      vertex -74.2207 25.4841 46.2566
    endloop
  endfacet
  facet normal -0.739117 0.530195 0.415451
    outer loop
      vertex -32.8649 -5.99109 160
      vertex -75.2983 25.0927 44.8391
      vertex -105.455 14.27 5
    endloop
  endfacet
  facet normal 0.901461 -0.172771 0.396885
    outer loop
      vertex -30.1171 -7.59977 160
      vertex -0.682086 -5.98702 93.8451
      vertex 0.056595 -1.18616 94.2572
    endloop
  endfacet
  facet normal 0.901461 -0.172772 0.396885
    outer loop
      vertex -30.1171 -7.59977 160
      vertex -2.28974 -16.4355 92.9482
      vertex -0.682086 -5.98702 93.8451
    endloop
  endfacet
  facet normal 0.901462 -0.172769 0.396884
    outer loop
      vertex 1.88081 -10.3935 86.1057
      vertex 5.61038 -30.2379 68.996
      vertex 11.7057 -18.4243 60.294
    endloop
  endfacet
  facet normal 0.901462 -0.172769 0.396885
    outer loop
      vertex -0.426445 -36.4579 80
      vertex -2.28974 -16.4355 92.9482
      vertex -30.1171 -7.59977 160
    endloop
  endfacet
  facet normal 0.901461 -0.172769 0.396886
    outer loop
      vertex 5.61038 -30.2379 68.996
      vertex -2.28974 -16.4355 92.9482
      vertex 0.332117 -32.5 80
    endloop
  endfacet
  facet normal 0.901461 -0.172774 0.396884
    outer loop
      vertex 3.85426 -32.5 72
      vertex 5.61038 -30.2379 68.996
      vertex 0.332117 -32.5 80
    endloop
  endfacet
  facet normal 0.901462 -0.172768 0.396884
    outer loop
      vertex 11.7057 -18.4243 60.294
      vertex 5.61038 -30.2379 68.996
      vertex 13.9465 -21.9934 53.6507
    endloop
  endfacet
  facet normal 0.90146 -0.172772 0.396888
    outer loop
      vertex -2.28974 -16.4355 92.9482
      vertex -0.426445 -36.4579 80
      vertex 0.332117 -32.5 80
    endloop
  endfacet
  facet normal 0.90146 -0.172772 0.396887
    outer loop
      vertex 5.61038 -30.2379 68.996
      vertex 1.88081 -10.3935 86.1057
      vertex -2.28974 -16.4355 92.9482
    endloop
  endfacet
  facet normal 0.901462 -0.172769 0.396884
    outer loop
      vertex 1.88081 -10.3935 86.1057
      vertex 11.7057 -18.4243 60.294
      vertex 8.78642 -0.38908 74.7757
    endloop
  endfacet
  facet normal 0.901461 -0.172771 0.396887
    outer loop
      vertex 4.64991 -41.392 66.322
      vertex 5.61038 -30.2379 68.996
      vertex 3.85426 -32.5 72
    endloop
  endfacet
  facet normal 0.901462 -0.17277 0.396883
    outer loop
      vertex 5.61038 -30.2379 68.996
      vertex 4.64991 -41.392 66.322
      vertex 8.96635 -30.8115 61.1237
    endloop
  endfacet
  facet normal 0.901462 -0.172769 0.396884
    outer loop
      vertex 12.2707 -48.7991 45.7881
      vertex 8.96635 -30.8115 61.1237
      vertex 4.64991 -41.392 66.322
    endloop
  endfacet
  facet normal 0.901462 -0.172769 0.396884
    outer loop
      vertex 8.96635 -30.8115 61.1237
      vertex 12.2707 -48.7991 45.7881
      vertex 20.7471 -32.825 33.489
    endloop
  endfacet
  facet normal 0.901462 -0.172769 0.396884
    outer loop
      vertex 20.7471 -32.825 33.489
      vertex 12.2707 -48.7991 45.7881
      vertex 28.54 -45.2372 10.3854
    endloop
  endfacet
  facet normal 0.901463 -0.172762 0.396885
    outer loop
      vertex 28.54 -45.2372 10.3854
      vertex 12.2707 -48.7991 45.7881
      vertex 28.4287 -51.5958 7.87033
    endloop
  endfacet
  facet normal -0.899793 -0.200296 0.387627
    outer loop
      vertex -105.475 14.1668 5
      vertex -33.8949 -7.42691 160
      vertex -105.488 14.2252 5
    endloop
  endfacet
  facet normal -0.900949 -0.191492 0.389387
    outer loop
      vertex -33.8949 -7.42691 160
      vertex -105.475 14.1668 5
      vertex -33.498 -9.29428 160
    endloop
  endfacet
  facet normal -0.900948 -0.1915 0.389384
    outer loop
      vertex -93.3607 -52.9941 0
      vertex -91.9202 -59.7712 0
      vertex -90.205 -57.674 5
    endloop
  endfacet
  facet normal -0.900948 -0.191499 0.389385
    outer loop
      vertex -90.205 -57.674 5
      vertex -33.498 -9.29428 160
      vertex -105.475 14.1668 5
    endloop
  endfacet
  facet normal -0.900943 -0.191515 0.389388
    outer loop
      vertex -33.498 -9.29428 160
      vertex -90.205 -57.674 5
      vertex -91.9202 -59.7712 0
    endloop
  endfacet
  facet normal -0.732965 0.539907 0.413839
    outer loop
      vertex -105.488 14.2252 5
      vertex -32.8649 -5.99109 160
      vertex -105.455 14.27 5
    endloop
  endfacet
  facet normal -0.739108 0.530206 0.415452
    outer loop
      vertex -32.8649 -5.99109 160
      vertex -105.488 14.2252 5
      vertex -33.8949 -7.42691 160
    endloop
  endfacet
  facet normal 0.403999 -0.806122 0.432379
    outer loop
      vertex -1.35444 -37.7516 80
      vertex -30.4684 -9.4329 160
      vertex -31.9731 -10.187 160
    endloop
  endfacet
  facet normal 0.404048 -0.806093 0.432387
    outer loop
      vertex -30.4684 -9.4329 160
      vertex -1.35444 -37.7516 80
      vertex -0.602109 -37.3745 80
    endloop
  endfacet
  facet normal 0.404022 -0.806107 0.432386
    outer loop
      vertex 10.3744 -48.3105 49.3551
      vertex 4.73742 -42.3699 65.6975
      vertex 4.21662 -42.7669 65.444
    endloop
  endfacet
  facet normal 0.404029 -0.806103 0.432387
    outer loop
      vertex 4.73742 -42.3699 65.6975
      vertex 10.3744 -48.3105 49.3551
      vertex 11.4593 -48.6587 47.6922
    endloop
  endfacet
  facet normal 0.901466 -0.172756 0.396882
    outer loop
      vertex -30.4684 -9.4329 160
      vertex -0.426445 -36.4579 80
      vertex -30.1171 -7.59977 160
    endloop
  endfacet
  facet normal 0.901464 -0.172763 0.396883
    outer loop
      vertex -0.426445 -36.4579 80
      vertex -30.4684 -9.4329 160
      vertex -0.602109 -37.3745 80
    endloop
  endfacet
  facet normal 0.901456 -0.17279 0.39689
    outer loop
      vertex 11.4593 -48.6587 47.6922
      vertex 4.64991 -41.392 66.322
      vertex 4.73742 -42.3699 65.6975
    endloop
  endfacet
  facet normal 0.901464 -0.172764 0.396882
    outer loop
      vertex 4.64991 -41.392 66.322
      vertex 11.4593 -48.6587 47.6922
      vertex 12.2707 -48.7991 45.7881
    endloop
  endfacet
  facet normal 0.888754 0.1108 0.444792
    outer loop
      vertex 33.7119 15.4438 128
      vertex 97.8604 -5.33993 5
      vertex 33.5143 17.0288 128
    endloop
  endfacet
  facet normal 0.888762 0.110539 0.44484
    outer loop
      vertex 97.8604 -5.33993 5
      vertex 33.7119 15.4438 128
      vertex 97.8681 -5.40184 5
    endloop
  endfacet
  facet normal 0.888751 0.110776 0.444804
    outer loop
      vertex 92.5725 57.1517 0
      vertex 91.1903 56.2127 2.99559
      vertex 93.0295 53.4852 0
    endloop
  endfacet
  facet normal 0.888754 0.110793 0.444793
    outer loop
      vertex 90.2655 55.5844 5
      vertex 33.5143 17.0288 128
      vertex 97.8604 -5.33993 5
    endloop
  endfacet
  facet normal 0.653892 -0.612033 0.444792
    outer loop
      vertex 33.7119 15.4438 128
      vertex 76.2414 -11.5601 28.3198
      vertex 97.8681 -5.40184 5
    endloop
  endfacet
  facet normal 0.653896 -0.612029 0.444793
    outer loop
      vertex 46.0229 -13.9102 69.5107
      vertex 76.2414 -11.5601 28.3198
      vertex 33.7119 15.4438 128
    endloop
  endfacet
  facet normal 0.654224 -0.611479 0.445065
    outer loop
      vertex 76.2414 -11.5601 28.3198
      vertex 46.0229 -13.9102 69.5107
      vertex 75.8375 -11.7083 28.7099
    endloop
  endfacet
  facet normal 0.653901 -0.612025 0.444792
    outer loop
      vertex 46.0229 -13.9102 69.5107
      vertex 33.7119 15.4438 128
      vertex 43.8831 -14.6421 71.6494
    endloop
  endfacet
  facet normal 0.654087 -0.611614 0.445084
    outer loop
      vertex 76.5315 -11.6052 27.8315
      vertex 97.8681 -5.40184 5
      vertex 76.2414 -11.5601 28.3198
    endloop
  endfacet
  facet normal 0.653895 -0.612031 0.444791
    outer loop
      vertex 97.8681 -5.40184 5
      vertex 76.5315 -11.6052 27.8315
      vertex 90.0912 -13.7107 5
    endloop
  endfacet
  facet normal 0.653899 -0.612026 0.444792
    outer loop
      vertex 48.0252 -26.894 48.7016
      vertex 46.0229 -13.9102 69.5107
      vertex 43.9935 -14.9684 71.0381
    endloop
  endfacet
  facet normal 0.653896 -0.612026 0.444796
    outer loop
      vertex 46.0229 -13.9102 69.5107
      vertex 54.7606 -19.4353 49.063
      vertex 75.8375 -11.7083 28.7099
    endloop
  endfacet
  facet normal 0.653891 -0.612032 0.444795
    outer loop
      vertex 46.0229 -13.9102 69.5107
      vertex 48.0252 -26.894 48.7016
      vertex 54.7606 -19.4353 49.063
    endloop
  endfacet
  facet normal -0.752286 -0.482226 0.448915
    outer loop
      vertex 10.2523 12.8145 91.4157
      vertex 31.0617 14.4084 128
      vertex 30.2096 15.7377 128
    endloop
  endfacet
  facet normal -0.752303 -0.482191 0.448923
    outer loop
      vertex 31.0617 14.4084 128
      vertex 10.2523 12.8145 91.4157
      vertex 10.2471 11.7878 90.3042
    endloop
  endfacet
  facet normal 0.462303 0.762727 0.452243
    outer loop
      vertex 38.7878 86.7628 5
      vertex 33.5143 17.0288 128
      vertex 38.8401 86.7311 5
    endloop
  endfacet
  facet normal 0.462025 0.762858 0.452306
    outer loop
      vertex 33.5143 17.0288 128
      vertex 38.7878 86.7628 5
      vertex 32.1764 17.8391 128
    endloop
  endfacet
  facet normal 0.462029 0.762853 0.45231
    outer loop
      vertex 92.5725 57.1517 0
      vertex 89.1658 59.215 0
      vertex 91.1903 56.2127 2.99559
    endloop
  endfacet
  facet normal 0.462035 0.762853 0.452303
    outer loop
      vertex 38.8401 86.7311 5
      vertex 33.5143 17.0288 128
      vertex 90.2655 55.5844 5
    endloop
  endfacet
  facet normal -0.325159 0.832315 0.448914
    outer loop
      vertex 38.7878 86.7628 5
      vertex 14.3127 34.6001 83.985
      vertex 32.1764 17.8391 128
    endloop
  endfacet
  facet normal -0.325158 0.832315 0.448915
    outer loop
      vertex 14.3127 34.6001 83.985
      vertex 38.7878 86.7628 5
      vertex 31.4186 83.8839 5
    endloop
  endfacet
  facet normal -0.32516 0.832315 0.448914
    outer loop
      vertex 14.2758 34.6348 83.8941
      vertex 5.93269 51.5574 46.4754
      vertex -0.0225037 48.0504 48.6641
    endloop
  endfacet
  facet normal -0.325164 0.832313 0.448914
    outer loop
      vertex 14.2758 34.6348 83.8941
      vertex 6.4029 51.8343 46.3026
      vertex 5.93269 51.5574 46.4754
    endloop
  endfacet
  facet normal -0.325156 0.832316 0.448914
    outer loop
      vertex 22.9264 63.9909 35.7317
      vertex 6.4029 51.8343 46.3026
      vertex 14.2758 34.6348 83.8941
    endloop
  endfacet
  facet normal -0.325283 0.832352 0.448755
    outer loop
      vertex 6.4029 51.8343 46.3026
      vertex 22.9264 63.9909 35.7317
      vertex 6.63696 52.2051 45.7845
    endloop
  endfacet
  facet normal -0.325159 0.832315 0.448914
    outer loop
      vertex 22.9264 63.9909 35.7317
      vertex 18.4289 70.8902 19.6823
      vertex 6.63696 52.2051 45.7845
    endloop
  endfacet
  facet normal -0.325163 0.832313 0.448914
    outer loop
      vertex 28.4462 82.7227 5
      vertex 18.4289 70.8902 19.6823
      vertex 22.9264 63.9909 35.7317
    endloop
  endfacet
  facet normal -0.324862 0.832318 0.449123
    outer loop
      vertex 18.4289 70.8902 19.6823
      vertex 28.4462 82.7227 5
      vertex 18.4283 71.0839 19.3229
    endloop
  endfacet
  facet normal -0.325163 0.832315 0.448911
    outer loop
      vertex 18.4283 71.0839 19.3229
      vertex 28.4462 82.7227 5
      vertex 18.4025 78.7989 5
    endloop
  endfacet
  facet normal -0.852645 0.277042 0.442994
    outer loop
      vertex -0.510879 47.7628 48.8435
      vertex 9.45988 26.1599 81.5447
      vertex 13.9682 33.6014 85.5682
    endloop
  endfacet
  facet normal -0.852646 0.277041 0.442994
    outer loop
      vertex 9.45988 26.1599 81.5447
      vertex -4.33779 42.6382 44.6826
      vertex 1.15841 12.4574 74.1359
    endloop
  endfacet
  facet normal -0.852644 0.277044 0.442995
    outer loop
      vertex 9.45988 26.1599 81.5447
      vertex -0.510879 47.7628 48.8435
      vertex -4.33779 42.6382 44.6826
    endloop
  endfacet
  facet normal -0.850732 0.281404 0.443922
    outer loop
      vertex 13.9682 33.6014 85.5682
      vertex 30.7057 17.2645 128
      vertex -0.510879 47.7628 48.8435
    endloop
  endfacet
  facet normal -0.852645 0.277039 0.442996
    outer loop
      vertex 11.0577 17.32 90.1483
      vertex 30.7057 17.2645 128
      vertex 13.9682 33.6014 85.5682
    endloop
  endfacet
  facet normal -0.852647 0.277034 0.442997
    outer loop
      vertex 30.7057 17.2645 128
      vertex 11.0577 17.32 90.1483
      vertex 10.4423 13.8774 91.1167
    endloop
  endfacet
  facet normal -0.0745877 -0.888739 0.452305
    outer loop
      vertex 31.0617 14.4084 128
      vertex 34.4351 -15.9921 68.822
      vertex 42.3156 -15.002 72.067
    endloop
  endfacet
  facet normal -0.0746057 -0.888738 0.452303
    outer loop
      vertex 31.0617 14.4084 128
      vertex 24.0974 -17.2908 64.565
      vertex 34.4351 -15.9921 68.822
    endloop
  endfacet
  facet normal -0.0745984 -0.888739 0.452303
    outer loop
      vertex 11.7057 -18.4243 60.294
      vertex 24.0974 -17.2908 64.565
      vertex 31.0617 14.4084 128
    endloop
  endfacet
  facet normal -0.0745988 -0.888738 0.452304
    outer loop
      vertex 11.7057 -18.4243 60.294
      vertex 16.5871 -20.7701 56.4898
      vertex 24.0974 -17.2908 64.565
    endloop
  endfacet
  facet normal -0.0745918 -0.888735 0.452311
    outer loop
      vertex 16.5871 -20.7701 56.4898
      vertex 11.7057 -18.4243 60.294
      vertex 13.9465 -21.9934 53.6507
    endloop
  endfacet
  facet normal -0.0745981 -0.888739 0.452303
    outer loop
      vertex 35.2011 -23.9378 53.3356
      vertex 47.1229 -27.565 48.1747
      vertex 42.6877 -15.9744 70.2178
    endloop
  endfacet
  facet normal -0.0745986 -0.888739 0.452302
    outer loop
      vertex 35.2011 -23.9378 53.3356
      vertex 40.2258 -30.594 41.0854
      vertex 47.1229 -27.565 48.1747
    endloop
  endfacet
  facet normal -0.0745284 -0.888733 0.452327
    outer loop
      vertex 35.2011 -23.9378 53.3356
      vertex 39.6498 -30.847 40.4934
      vertex 40.2258 -30.594 41.0854
    endloop
  endfacet
  facet normal -0.0746038 -0.888738 0.452304
    outer loop
      vertex 29.3133 -30.2006 40.0586
      vertex 39.6498 -30.847 40.4934
      vertex 35.2011 -23.9378 53.3356
    endloop
  endfacet
  facet normal -0.0746011 -0.888739 0.452304
    outer loop
      vertex 28.54 -45.2372 10.3854
      vertex 29.3133 -30.2006 40.0586
      vertex 20.7471 -32.825 33.489
    endloop
  endfacet
  facet normal -0.0746038 -0.888738 0.452304
    outer loop
      vertex 29.3133 -30.2006 40.0586
      vertex 28.54 -45.2372 10.3854
      vertex 39.6498 -30.847 40.4934
    endloop
  endfacet
  facet normal -0.75228 -0.482235 0.448914
    outer loop
      vertex 10.2096 4.3073 82.2056
      vertex 31.0617 14.4084 128
      vertex 10.2471 11.7878 90.3042
    endloop
  endfacet
  facet normal -0.752284 -0.482231 0.448913
    outer loop
      vertex 11.7057 -18.4243 60.294
      vertex 10.2096 4.3073 82.2056
      vertex 8.78642 -0.38908 74.7757
    endloop
  endfacet
  facet normal -0.752282 -0.482232 0.448914
    outer loop
      vertex 10.2096 4.3073 82.2056
      vertex 11.7057 -18.4243 60.294
      vertex 31.0617 14.4084 128
    endloop
  endfacet
  facet normal -0.0745795 -0.888739 0.452307
    outer loop
      vertex 31.0617 14.4084 128
      vertex 43.1298 -14.8997 72.4023
      vertex 32.6204 14.2776 128
    endloop
  endfacet
  facet normal -0.0745996 -0.888739 0.452303
    outer loop
      vertex 43.1298 -14.8997 72.4023
      vertex 31.0617 14.4084 128
      vertex 42.3156 -15.002 72.067
    endloop
  endfacet
  facet normal -0.0745976 -0.888739 0.452304
    outer loop
      vertex 42.6877 -15.9744 70.2178
      vertex 47.6141 -27.3493 48.6796
      vertex 43.2872 -15.3367 71.5697
    endloop
  endfacet
  facet normal -0.074639 -0.88874 0.452295
    outer loop
      vertex 47.6141 -27.3493 48.6796
      vertex 42.6877 -15.9744 70.2178
      vertex 47.1229 -27.565 48.1747
    endloop
  endfacet
  facet normal 0.653906 -0.612021 0.444789
    outer loop
      vertex 43.1298 -14.8997 72.4023
      vertex 33.7119 15.4438 128
      vertex 32.6204 14.2776 128
    endloop
  endfacet
  facet normal 0.653865 -0.612056 0.444802
    outer loop
      vertex 33.7119 15.4438 128
      vertex 43.1298 -14.8997 72.4023
      vertex 43.8831 -14.6421 71.6494
    endloop
  endfacet
  facet normal 0.653909 -0.612017 0.444789
    outer loop
      vertex 43.2872 -15.3367 71.5697
      vertex 48.0252 -26.894 48.7016
      vertex 43.9935 -14.9684 71.0381
    endloop
  endfacet
  facet normal 0.653963 -0.611969 0.444776
    outer loop
      vertex 48.0252 -26.894 48.7016
      vertex 43.2872 -15.3367 71.5697
      vertex 47.6141 -27.3493 48.6796
    endloop
  endfacet
  facet normal 0 0 1
    outer loop
      vertex 30.7057 17.2645 128
      vertex 33.7119 15.4438 128
      vertex 33.5143 17.0288 128
    endloop
  endfacet
  facet normal -0 0 1
    outer loop
      vertex 30.7057 17.2645 128
      vertex 33.5143 17.0288 128
      vertex 32.1764 17.8391 128
    endloop
  endfacet
  facet normal -0 0 1
    outer loop
      vertex 30.2096 15.7377 128
      vertex 33.7119 15.4438 128
      vertex 30.7057 17.2645 128
    endloop
  endfacet
  facet normal 0 0 1
    outer loop
      vertex 33.7119 15.4438 128
      vertex 30.2096 15.7377 128
      vertex 32.6204 14.2776 128
    endloop
  endfacet
  facet normal 0 0 1
    outer loop
      vertex 32.6204 14.2776 128
      vertex 30.2096 15.7377 128
      vertex 31.0617 14.4084 128
    endloop
  endfacet
  facet normal -0.852647 0.277033 0.442997
    outer loop
      vertex 10.2523 12.8145 91.4157
      vertex 30.7057 17.2645 128
      vertex 10.4423 13.8774 91.1167
    endloop
  endfacet
  facet normal -0.852644 0.277048 0.442993
    outer loop
      vertex 30.7057 17.2645 128
      vertex 10.2523 12.8145 91.4157
      vertex 30.2096 15.7377 128
    endloop
  endfacet
  facet normal -0.325179 0.832303 0.44892
    outer loop
      vertex 32.1764 17.8391 128
      vertex 14.0008 33.7016 85.4251
      vertex 30.7057 17.2645 128
    endloop
  endfacet
  facet normal -0.325099 0.832345 0.448902
    outer loop
      vertex 14.0008 33.7016 85.4251
      vertex 32.1764 17.8391 128
      vertex 14.3127 34.6001 83.985
    endloop
  endfacet
  facet normal -0.325945 0.831921 0.449073
    outer loop
      vertex 14.0008 33.7016 85.4251
      vertex -0.510879 47.7628 48.8435
      vertex 30.7057 17.2645 128
    endloop
  endfacet
  facet normal -0.325171 0.83231 0.448915
    outer loop
      vertex 14.2758 34.6348 83.8941
      vertex -0.510879 47.7628 48.8435
      vertex 14.0008 33.7016 85.4251
    endloop
  endfacet
  facet normal -0.325217 0.832286 0.448926
    outer loop
      vertex -0.510879 47.7628 48.8435
      vertex 14.2758 34.6348 83.8941
      vertex -0.0225037 48.0504 48.6641
    endloop
  endfacet
  facet normal 0.760287 0.508026 0.404813
    outer loop
      vertex 104.21 -30.8827 0
      vertex 104.038 -31.3419 0.899316
      vertex 104.471 -31.2733 0
    endloop
  endfacet
  facet normal 0.760604 0.507459 0.404928
    outer loop
      vertex 76.5315 -11.6052 27.8315
      vertex 102.063 -31.6546 5
      vertex 90.0912 -13.7107 5
    endloop
  endfacet
  facet normal 0.760604 0.507459 0.404928
    outer loop
      vertex 102.063 -31.6546 5
      vertex 76.5315 -11.6052 27.8315
      vertex 63.0618 -37.8318 86
    endloop
  endfacet
  facet normal -0.904305 -0.143226 0.402142
    outer loop
      vertex 34.6239 -57.4595 19.7133
      vertex 39.6498 -30.847 40.4934
      vertex 28.54 -45.2372 10.3854
    endloop
  endfacet
  facet normal -0.904307 -0.143232 0.402137
    outer loop
      vertex 34.6239 -57.4595 19.7133
      vertex 28.54 -45.2372 10.3854
      vertex 28.4287 -51.5958 7.87033
    endloop
  endfacet
  facet normal -0.904305 -0.143226 0.402142
    outer loop
      vertex 39.6498 -30.847 40.4934
      vertex 34.6239 -57.4595 19.7133
      vertex 60.967 -37.6694 86
    endloop
  endfacet
  facet normal 0.345894 -0.840505 0.417023
    outer loop
      vertex 59.6094 -80.2666 5
      vertex 61.9353 -39.1207 86
      vertex 59.5591 -80.2873 5
    endloop
  endfacet
  facet normal 0.346852 -0.840201 0.416841
    outer loop
      vertex 61.9353 -39.1207 86
      vertex 59.6094 -80.2666 5
      vertex 62.7996 -38.7639 86
    endloop
  endfacet
  facet normal -0.904275 -0.143347 0.402166
    outer loop
      vertex 34.7717 -57.5993 19.9958
      vertex 60.967 -37.6694 86
      vertex 34.6239 -57.4595 19.7133
    endloop
  endfacet
  facet normal -0.904308 -0.143215 0.402139
    outer loop
      vertex 60.967 -37.6694 86
      vertex 34.7717 -57.5993 19.9958
      vertex 61.1197 -38.6336 86
    endloop
  endfacet
  facet normal -0.686287 0.599795 0.411408
    outer loop
      vertex 60.967 -37.6694 86
      vertex 40.2258 -30.594 41.0854
      vertex 39.6498 -30.847 40.4934
    endloop
  endfacet
  facet normal -0.686266 0.599823 0.411402
    outer loop
      vertex 40.2258 -30.594 41.0854
      vertex 60.967 -37.6694 86
      vertex 61.5922 -36.9541 86
    endloop
  endfacet
  facet normal 0.880192 -0.247579 0.404928
    outer loop
      vertex 63.0618 -37.8318 86
      vertex 97.9929 -46.1246 5
      vertex 102.063 -31.6546 5
    endloop
  endfacet
  facet normal 0.88019 -0.247586 0.404928
    outer loop
      vertex 97.9929 -46.1246 5
      vertex 63.0618 -37.8318 86
      vertex 93.9837 -68.5552 0
    endloop
  endfacet
  facet normal 0.880192 -0.247617 0.404904
    outer loop
      vertex 99.1066 -44.4731 3.58902
      vertex 104.471 -31.2733 0
      vertex 104.038 -31.3419 0.899316
    endloop
  endfacet
  facet normal 0.880169 -0.247589 0.404971
    outer loop
      vertex 99.1066 -44.4731 3.58902
      vertex 93.9837 -68.5552 0
      vertex 104.471 -31.2733 0
    endloop
  endfacet
  facet normal 0.880182 -0.247588 0.404944
    outer loop
      vertex 93.9837 -68.5552 0
      vertex 99.1066 -44.4731 3.58902
      vertex 97.9929 -46.1246 5
    endloop
  endfacet
  facet normal 0.0702735 0.906263 0.416833
    outer loop
      vertex 75.8375 -11.7083 28.7099
      vertex 54.7606 -19.4353 49.063
      vertex 61.5922 -36.9541 86
    endloop
  endfacet
  facet normal -0.686285 0.599797 0.411408
    outer loop
      vertex 61.5922 -36.9541 86
      vertex 47.1229 -27.565 48.1747
      vertex 40.2258 -30.594 41.0854
    endloop
  endfacet
  facet normal -0.686284 0.599798 0.411408
    outer loop
      vertex 48.0252 -26.894 48.7016
      vertex 61.5922 -36.9541 86
      vertex 54.7606 -19.4353 49.063
    endloop
  endfacet
  facet normal -0.686292 0.599789 0.411408
    outer loop
      vertex 47.6141 -27.3493 48.6796
      vertex 61.5922 -36.9541 86
      vertex 48.0252 -26.894 48.7016
    endloop
  endfacet
  facet normal -0.686275 0.599809 0.411407
    outer loop
      vertex 47.1229 -27.565 48.1747
      vertex 61.5922 -36.9541 86
      vertex 47.6141 -27.3493 48.6796
    endloop
  endfacet
  facet normal -0.467339 -0.782516 0.411415
    outer loop
      vertex 51.8436 -72.7556 10.561
      vertex 51.8436 -74.5 7.24313
      vertex 53 -74.5 8.55672
    endloop
  endfacet
  facet normal -0.467353 -0.782509 0.411413
    outer loop
      vertex 49.4706 -71 11.2045
      vertex 47.8001 -72.7556 5.96771
      vertex 51.8436 -72.7556 10.561
    endloop
  endfacet
  facet normal -0.46732 -0.782534 0.411403
    outer loop
      vertex 51.2972 -67.4942 19.9478
      vertex 48.2592 -70.5163 10.7485
      vertex 49.4706 -71 11.2045
    endloop
  endfacet
  facet normal -0.467344 -0.782519 0.411405
    outer loop
      vertex 48.2592 -70.5163 10.7485
      vertex 51.2972 -67.4942 19.9478
      vertex 41.3869 -67.7723 8.16104
    endloop
  endfacet
  facet normal -0.467348 -0.782515 0.411408
    outer loop
      vertex 48.5637 -65.8575 19.9557
      vertex 61.1197 -38.6336 86
      vertex 34.7717 -57.5993 19.9958
    endloop
  endfacet
  facet normal -0.467347 -0.782516 0.411408
    outer loop
      vertex 51.2972 -67.4942 19.9478
      vertex 61.1197 -38.6336 86
      vertex 48.5637 -65.8575 19.9557
    endloop
  endfacet
  facet normal -0.467358 -0.782512 0.411402
    outer loop
      vertex 51.8436 -72.7556 10.561
      vertex 51.2972 -67.4942 19.9478
      vertex 49.4706 -71 11.2045
    endloop
  endfacet
  facet normal -0.467352 -0.782515 0.411403
    outer loop
      vertex 59.5117 -80.259 5
      vertex 51.2972 -67.4942 19.9478
      vertex 51.8436 -72.7556 10.561
    endloop
  endfacet
  facet normal -0.46735 -0.782514 0.411407
    outer loop
      vertex 59.5117 -80.259 5
      vertex 51.8436 -72.7556 10.561
      vertex 53 -74.5 8.55672
    endloop
  endfacet
  facet normal -0.467356 -0.782516 0.411398
    outer loop
      vertex 59.5117 -80.259 5
      vertex 53 -74.5 8.55672
      vertex 53 -76.3699 5
    endloop
  endfacet
  facet normal -0.467346 -0.782516 0.411408
    outer loop
      vertex 51.2972 -67.4942 19.9478
      vertex 59.5117 -80.259 5
      vertex 61.1197 -38.6336 86
    endloop
  endfacet
  facet normal 0.760578 0.507492 0.404936
    outer loop
      vertex 63.0618 -37.8318 86
      vertex 76.2414 -11.5601 28.3198
      vertex 62.5244 -37.0264 86
    endloop
  endfacet
  facet normal 0.760528 0.507554 0.404953
    outer loop
      vertex 76.2414 -11.5601 28.3198
      vertex 63.0618 -37.8318 86
      vertex 76.5315 -11.6052 27.8315
    endloop
  endfacet
  facet normal -0 0 1
    outer loop
      vertex 60.967 -37.6694 86
      vertex 63.0618 -37.8318 86
      vertex 62.5244 -37.0264 86
    endloop
  endfacet
  facet normal 0 0 1
    outer loop
      vertex 63.0618 -37.8318 86
      vertex 61.1197 -38.6336 86
      vertex 62.7996 -38.7639 86
    endloop
  endfacet
  facet normal 0 0 1
    outer loop
      vertex 60.967 -37.6694 86
      vertex 62.5244 -37.0264 86
      vertex 61.5922 -36.9541 86
    endloop
  endfacet
  facet normal 0 0 1
    outer loop
      vertex 62.7996 -38.7639 86
      vertex 61.1197 -38.6336 86
      vertex 61.9353 -39.1207 86
    endloop
  endfacet
  facet normal 0 0 1
    outer loop
      vertex 63.0618 -37.8318 86
      vertex 60.967 -37.6694 86
      vertex 61.1197 -38.6336 86
    endloop
  endfacet
  facet normal 0.0702882 0.90626 0.416835
    outer loop
      vertex 62.5244 -37.0264 86
      vertex 75.8375 -11.7083 28.7099
      vertex 61.5922 -36.9541 86
    endloop
  endfacet
  facet normal 0.0700052 0.906304 0.416789
    outer loop
      vertex 75.8375 -11.7083 28.7099
      vertex 62.5244 -37.0264 86
      vertex 76.2414 -11.5601 28.3198
    endloop
  endfacet
  facet normal 0.346889 -0.840189 0.416833
    outer loop
      vertex 75.4754 -73.716 5
      vertex 62.7996 -38.7639 86
      vertex 59.6094 -80.2666 5
    endloop
  endfacet
  facet normal 0.346884 -0.840192 0.416833
    outer loop
      vertex 75.4754 -73.716 5
      vertex 93.9837 -68.5552 0
      vertex 62.7996 -38.7639 86
    endloop
  endfacet
  facet normal 0.346885 -0.840187 0.416841
    outer loop
      vertex 93.9837 -68.5552 0
      vertex 75.4754 -73.716 5
      vertex 70.6955 -78.1701 0
    endloop
  endfacet
  facet normal 0.880186 -0.247597 0.404931
    outer loop
      vertex 63.0618 -37.8318 86
      vertex 62.7996 -38.7639 86
      vertex 93.9837 -68.5552 0
    endloop
  endfacet
  facet normal -0.467231 -0.782571 0.411434
    outer loop
      vertex 59.5591 -80.2873 5
      vertex 61.1197 -38.6336 86
      vertex 59.5117 -80.259 5
    endloop
  endfacet
  facet normal -0.467342 -0.782518 0.411409
    outer loop
      vertex 61.1197 -38.6336 86
      vertex 59.5591 -80.2873 5
      vertex 61.9353 -39.1207 86
    endloop
  endfacet
  facet normal 0.892098 -0.0576801 0.448146
    outer loop
      vertex -59.8107 36.6552 57.636
      vertex -65.1556 34.5125 68
      vertex -61.4143 32.3525 60.2744
    endloop
  endfacet
  facet normal -0.122338 0.887536 0.4442
    outer loop
      vertex -85.0712 64.7745 5
      vertex -60.8501 53.3732 34.4512
      vertex -67.487 67.1983 5
    endloop
  endfacet
  facet normal -0.122337 0.887536 0.444199
    outer loop
      vertex -60.8501 53.3732 34.4512
      vertex -85.0712 64.7745 5
      vertex -66.5547 35.7962 68
    endloop
  endfacet
  facet normal -0.122302 0.887545 0.444193
    outer loop
      vertex -85.0712 64.7745 5
      vertex -88.1864 66.8476 0
      vertex -66.5547 35.7962 68
    endloop
  endfacet
  facet normal -0.122333 0.887533 0.444207
    outer loop
      vertex -88.1864 66.8476 0
      vertex -85.0712 64.7745 5
      vertex -81.9195 67.7114 0
    endloop
  endfacet
  facet normal 0.606752 0.661268 0.441108
    outer loop
      vertex -60.5204 51.6919 37.1834
      vertex -65.1022 35.3393 68
      vertex -59.5142 37.4509 57.1481
    endloop
  endfacet
  facet normal -0.122345 0.887536 0.444197
    outer loop
      vertex -60.6028 52.8581 35.5485
      vertex -66.5547 35.7962 68
      vertex -65.7248 35.9106 68
    endloop
  endfacet
  facet normal -0.122327 0.887537 0.444201
    outer loop
      vertex -66.5547 35.7962 68
      vertex -60.6028 52.8581 35.5485
      vertex -60.8501 53.3732 34.4512
    endloop
  endfacet
  facet normal -0.829786 -0.337749 0.444275
    outer loop
      vertex -104.674 38.2902 0
      vertex -102.986 34.1431 0
      vertex -101.701 37.5631 5
    endloop
  endfacet
  facet normal -0.829604 -0.338477 0.444061
    outer loop
      vertex -101.701 37.5631 5
      vertex -66.9669 35.0823 68
      vertex -104.674 38.2902 0
    endloop
  endfacet
  facet normal -0.829805 -0.337795 0.444204
    outer loop
      vertex -75.9422 25.1209 43.6576
      vertex -101.701 37.5631 5
      vertex -97.0109 26.0417 5
    endloop
  endfacet
  facet normal -0.829802 -0.337813 0.444197
    outer loop
      vertex -101.701 37.5631 5
      vertex -75.9422 25.1209 43.6576
      vertex -66.9669 35.0823 68
    endloop
  endfacet
  facet normal 0 0 1
    outer loop
      vertex -65.8449 34.0528 68
      vertex -65.1022 35.3393 68
      vertex -65.7248 35.9106 68
    endloop
  endfacet
  facet normal 0 0 1
    outer loop
      vertex -65.1022 35.3393 68
      vertex -65.8449 34.0528 68
      vertex -65.1556 34.5125 68
    endloop
  endfacet
  facet normal 0 0 1
    outer loop
      vertex -66.651 34.3064 68
      vertex -65.7248 35.9106 68
      vertex -66.5547 35.7962 68
    endloop
  endfacet
  facet normal 0 0 1
    outer loop
      vertex -65.7248 35.9106 68
      vertex -66.651 34.3064 68
      vertex -65.8449 34.0528 68
    endloop
  endfacet
  facet normal 0 -0 1
    outer loop
      vertex -66.651 34.3064 68
      vertex -66.5547 35.7962 68
      vertex -66.9669 35.0823 68
    endloop
  endfacet
  facet normal 0.496009 -0.743737 0.448142
    outer loop
      vertex -61.8995 31.8756 60.0199
      vertex -65.8449 34.0528 68
      vertex -64.9909 28.8368 58.3983
    endloop
  endfacet
  facet normal 0.496006 -0.743739 0.448141
    outer loop
      vertex -61.8995 31.8756 60.0199
      vertex -65.1556 34.5125 68
      vertex -65.8449 34.0528 68
    endloop
  endfacet
  facet normal 0.495978 -0.74376 0.448137
    outer loop
      vertex -65.1556 34.5125 68
      vertex -61.8995 31.8756 60.0199
      vertex -61.4143 32.3525 60.2744
    endloop
  endfacet
  facet normal -0.269325 -0.856085 0.441115
    outer loop
      vertex -66.651 34.3064 68
      vertex -74.2207 25.4841 46.2566
      vertex -65.8449 34.0528 68
    endloop
  endfacet
  facet normal -0.269302 -0.856094 0.441111
    outer loop
      vertex -74.2207 25.4841 46.2566
      vertex -66.651 34.3064 68
      vertex -75.2983 25.0927 44.8391
    endloop
  endfacet
  facet normal -0.269301 -0.856095 0.44111
    outer loop
      vertex -65.8449 34.0528 68
      vertex -74.2207 25.4841 46.2566
      vertex -64.9909 28.8368 58.3983
    endloop
  endfacet
  facet normal 0.892096 -0.057623 0.448157
    outer loop
      vertex -65.1022 35.3393 68
      vertex -59.8107 36.6552 57.636
      vertex -59.5142 37.4509 57.1481
    endloop
  endfacet
  facet normal 0.892096 -0.0576172 0.448158
    outer loop
      vertex -59.8107 36.6552 57.636
      vertex -65.1022 35.3393 68
      vertex -65.1556 34.5125 68
    endloop
  endfacet
  facet normal -0.773397 0.446553 0.449941
    outer loop
      vertex -66.5547 35.7962 68
      vertex -88.1864 66.8476 0
      vertex -66.9669 35.0823 68
    endloop
  endfacet
  facet normal -0.773406 0.44653 0.449949
    outer loop
      vertex -88.1864 66.8476 0
      vertex -99.1066 44.4731 3.43402
      vertex -92.7713 53.8681 5
    endloop
  endfacet
  facet normal -0.773429 0.446582 0.449857
    outer loop
      vertex -99.1066 44.4731 3.43402
      vertex -104.674 38.2902 0
      vertex -100.802 39.9594 5
    endloop
  endfacet
  facet normal -0.773417 0.446532 0.449928
    outer loop
      vertex -104.674 38.2902 0
      vertex -99.1066 44.4731 3.43402
      vertex -88.1864 66.8476 0
    endloop
  endfacet
  facet normal -0.773415 0.446528 0.449935
    outer loop
      vertex -92.7713 53.8681 5
      vertex -66.9669 35.0823 68
      vertex -88.1864 66.8476 0
    endloop
  endfacet
  facet normal -0.773401 0.446552 0.449936
    outer loop
      vertex -100.802 39.9594 5
      vertex -66.9669 35.0823 68
      vertex -92.7713 53.8681 5
    endloop
  endfacet
  facet normal -0.773484 0.446377 0.449967
    outer loop
      vertex -66.9669 35.0823 68
      vertex -100.802 39.9594 5
      vertex -104.674 38.2902 0
    endloop
  endfacet
  facet normal 0.60677 0.661255 0.441104
    outer loop
      vertex -60.5204 51.6919 37.1834
      vertex -65.7248 35.9106 68
      vertex -65.1022 35.3393 68
    endloop
  endfacet
  facet normal 0.606763 0.661259 0.441106
    outer loop
      vertex -65.7248 35.9106 68
      vertex -60.5204 51.6919 37.1834
      vertex -60.6028 52.8581 35.5485
    endloop
  endfacet
  facet normal -0.829832 -0.337756 0.444184
    outer loop
      vertex -75.2983 25.0927 44.8391
      vertex -66.9669 35.0823 68
      vertex -75.9422 25.1209 43.6576
    endloop
  endfacet
  facet normal -0.829787 -0.33784 0.444204
    outer loop
      vertex -66.9669 35.0823 68
      vertex -75.2983 25.0927 44.8391
      vertex -66.651 34.3064 68
    endloop
  endfacet
  facet normal 0.54534 0.738377 0.396742
    outer loop
      vertex 18.4289 70.8902 19.6823
      vertex -7.76208 58.8989 78
      vertex -7.12368 58.4274 78
    endloop
  endfacet
  facet normal 0.545741 0.738023 0.396849
    outer loop
      vertex -7.76208 58.8989 78
      vertex 18.4289 70.8902 19.6823
      vertex 18.4283 71.0839 19.3229
    endloop
  endfacet
  facet normal 0.545346 0.738373 0.396741
    outer loop
      vertex 0.922003 91.7096 5
      vertex 18.4283 71.0839 19.3229
      vertex 18.4025 78.7989 5
    endloop
  endfacet
  facet normal 0.545343 0.738373 0.396744
    outer loop
      vertex 18.4283 71.0839 19.3229
      vertex 0.922003 91.7096 5
      vertex -7.76208 58.8989 78
    endloop
  endfacet
  facet normal -0.165822 -0.907749 0.385349
    outer loop
      vertex -8.61836 57.2639 78
      vertex -17.0506 46.5285 49.0826
      vertex -7.81036 57.1163 78
    endloop
  endfacet
  facet normal -0.165928 -0.907721 0.38537
    outer loop
      vertex -17.0506 46.5285 49.0826
      vertex -8.61836 57.2639 78
      vertex -17.584 46.5917 49.0018
    endloop
  endfacet
  facet normal -0.165903 -0.907727 0.385367
    outer loop
      vertex -7.81036 57.1163 78
      vertex -17.0506 46.5285 49.0826
      vertex -9.34426 45.6156 50.2499
    endloop
  endfacet
  facet normal -0.165918 -0.907724 0.385367
    outer loop
      vertex -7.81036 57.1163 78
      vertex -9.34426 45.6156 50.2499
      vertex -4.71312 42.6829 45.3359
    endloop
  endfacet
  facet normal 0.568951 -0.730909 0.376918
    outer loop
      vertex -4.71312 42.6829 45.3359
      vertex -0.510879 47.7628 48.8435
      vertex -7.81036 57.1163 78
    endloop
  endfacet
  facet normal 0.56897 -0.730907 0.376892
    outer loop
      vertex -0.510879 47.7628 48.8435
      vertex -4.71312 42.6829 45.3359
      vertex -4.33779 42.6382 44.6826
    endloop
  endfacet
  facet normal 0.568904 -0.730945 0.376918
    outer loop
      vertex -0.0225037 48.0504 48.6641
      vertex -7.81036 57.1163 78
      vertex -0.510879 47.7628 48.8435
    endloop
  endfacet
  facet normal 0.568956 -0.730904 0.376919
    outer loop
      vertex -7.81036 57.1163 78
      vertex -0.0225037 48.0504 48.6641
      vertex 5.93269 51.5574 46.4754
    endloop
  endfacet
  facet normal 0.917593 -0.0248499 0.396744
    outer loop
      vertex 18.4289 70.8902 19.6823
      vertex -7.12368 58.4274 78
      vertex 6.63696 52.2051 45.7845
    endloop
  endfacet
  facet normal -0.225688 0.898331 0.376917
    outer loop
      vertex 0.869595 91.6964 5
      vertex -29.7366 84.0072 5
      vertex -8.57964 58.6935 78
    endloop
  endfacet
  facet normal -0.81745 0.428094 0.38537
    outer loop
      vertex -32.7341 57.1218 28.5093
      vertex -8.57964 58.6935 78
      vertex -32.8448 57.3742 27.9941
    endloop
  endfacet
  facet normal -0.817435 0.428131 0.385362
    outer loop
      vertex -8.57964 58.6935 78
      vertex -32.7341 57.1218 28.5093
      vertex -8.96072 57.9659 78
    endloop
  endfacet
  facet normal -0.817442 0.428113 0.385367
    outer loop
      vertex -32.8448 57.3742 27.9941
      vertex -29.7366 84.0072 5
      vertex -37.7858 68.638 5
    endloop
  endfacet
  facet normal -0.817443 0.428112 0.385366
    outer loop
      vertex -29.7366 84.0072 5
      vertex -32.8448 57.3742 27.9941
      vertex -8.57964 58.6935 78
    endloop
  endfacet
  facet normal 0.56895 -0.73091 0.376917
    outer loop
      vertex 5.93269 51.5574 46.4754
      vertex -7.14516 57.6341 78
      vertex -7.81036 57.1163 78
    endloop
  endfacet
  facet normal 0.568942 -0.730918 0.376915
    outer loop
      vertex -7.14516 57.6341 78
      vertex 5.93269 51.5574 46.4754
      vertex 6.4029 51.8343 46.3026
    endloop
  endfacet
  facet normal 0.917594 -0.0248455 0.396743
    outer loop
      vertex 6.4029 51.8343 46.3026
      vertex -7.12368 58.4274 78
      vertex -7.14516 57.6341 78
    endloop
  endfacet
  facet normal 0.917592 -0.0248598 0.396745
    outer loop
      vertex -7.12368 58.4274 78
      vertex 6.4029 51.8343 46.3026
      vertex 6.63696 52.2051 45.7845
    endloop
  endfacet
  facet normal -0.822954 -0.401268 0.402158
    outer loop
      vertex -32.3707 56.8692 29.0009
      vertex -8.96072 57.9659 78
      vertex -32.7341 57.1218 28.5093
    endloop
  endfacet
  facet normal -0.822927 -0.401335 0.402147
    outer loop
      vertex -8.96072 57.9659 78
      vertex -32.3707 56.8692 29.0009
      vertex -8.61836 57.2639 78
    endloop
  endfacet
  facet normal -0.822915 -0.401363 0.402142
    outer loop
      vertex -8.61836 57.2639 78
      vertex -32.3707 56.8692 29.0009
      vertex -17.584 46.5917 49.0018
    endloop
  endfacet
  facet normal 0 0 1
    outer loop
      vertex -7.76208 58.8989 78
      vertex -7.14516 57.6341 78
      vertex -7.12368 58.4274 78
    endloop
  endfacet
  facet normal 0 0 1
    outer loop
      vertex -7.76208 58.8989 78
      vertex -7.81036 57.1163 78
      vertex -7.14516 57.6341 78
    endloop
  endfacet
  facet normal -0 0 1
    outer loop
      vertex -8.57964 58.6935 78
      vertex -7.81036 57.1163 78
      vertex -7.76208 58.8989 78
    endloop
  endfacet
  facet normal 0 0 1
    outer loop
      vertex -8.57964 58.6935 78
      vertex -8.61836 57.2639 78
      vertex -7.81036 57.1163 78
    endloop
  endfacet
  facet normal 0 -0 1
    outer loop
      vertex -8.61836 57.2639 78
      vertex -8.57964 58.6935 78
      vertex -8.96072 57.9659 78
    endloop
  endfacet
  facet normal -0.226239 0.898237 0.37681
    outer loop
      vertex 0.869595 91.6964 5
      vertex -7.76208 58.8989 78
      vertex 0.922003 91.7096 5
    endloop
  endfacet
  facet normal -0.225692 0.89833 0.376916
    outer loop
      vertex -7.76208 58.8989 78
      vertex 0.869595 91.6964 5
      vertex -8.57964 58.6935 78
    endloop
  endfacet
  facet normal -0.507922 -0.84754 0.153917
    outer loop
      vertex -16.9303 -45.556 90
      vertex -21.8024 -42.6362 90
      vertex -20.5263 -44.1198 86.0417
    endloop
  endfacet
  facet normal 0.507946 0.847526 0.153916
    outer loop
      vertex -5.98497 -44.0722 80
      vertex -2.76913 -47.8156 90
      vertex -5.27117 -44.5 80
    endloop
  endfacet
  facet normal 0.50792 0.84754 0.153927
    outer loop
      vertex -5.27117 -44.5 80
      vertex -2.76913 -47.8156 90
      vertex 10.2687 -52.561 73.1072
    endloop
  endfacet
  facet normal 0.507921 0.847539 0.153928
    outer loop
      vertex -2.76913 -47.8156 90
      vertex -5.98497 -44.0722 80
      vertex -15.0697 -40.444 90
    endloop
  endfacet
  facet normal 0.507926 0.847535 0.153934
    outer loop
      vertex 23.358 -57.3252 56.1478
      vertex 48.5637 -65.8575 19.9557
      vertex 12.2118 -51.3395 59.9699
    endloop
  endfacet
  facet normal 0.507916 0.847542 0.153926
    outer loop
      vertex 48.5637 -65.8575 19.9557
      vertex 23.358 -57.3252 56.1478
      vertex 51.2972 -67.4942 19.9478
    endloop
  endfacet
  facet normal 0.5079 0.847556 0.153904
    outer loop
      vertex -5.98497 -44.0722 80
      vertex -14.9722 -40.1763 88.204
      vertex -15.0697 -40.444 90
    endloop
  endfacet
  facet normal 0.507922 0.847537 0.153937
    outer loop
      vertex -14.9722 -40.1763 88.204
      vertex -5.98497 -44.0722 80
      vertex -9.61959 -41.894 80
    endloop
  endfacet
  facet normal 0.507923 0.847538 0.15393
    outer loop
      vertex 12.2118 -51.3395 59.9699
      vertex 10.3744 -48.3105 49.3551
      vertex 0.923241 -45.2774 63.8409
    endloop
  endfacet
  facet normal 0.507943 0.847527 0.153923
    outer loop
      vertex 12.2118 -51.3395 59.9699
      vertex 11.4593 -48.6587 47.6922
      vertex 10.3744 -48.3105 49.3551
    endloop
  endfacet
  facet normal 0.507889 0.847557 0.153933
    outer loop
      vertex 12.2118 -51.3395 59.9699
      vertex 12.2707 -48.7991 45.7881
      vertex 11.4593 -48.6587 47.6922
    endloop
  endfacet
  facet normal 0.507922 0.847538 0.15393
    outer loop
      vertex 48.5637 -65.8575 19.9557
      vertex 12.2707 -48.7991 45.7881
      vertex 12.2118 -51.3395 59.9699
    endloop
  endfacet
  facet normal 0.507924 0.847536 0.153934
    outer loop
      vertex 12.2707 -48.7991 45.7881
      vertex 48.5637 -65.8575 19.9557
      vertex 34.7717 -57.5993 19.9958
    endloop
  endfacet
  facet normal 0.507801 0.847635 0.153793
    outer loop
      vertex 34.6239 -57.4595 19.7133
      vertex 12.2707 -48.7991 45.7881
      vertex 34.7717 -57.5993 19.9958
    endloop
  endfacet
  facet normal 0.507924 0.847536 0.153931
    outer loop
      vertex 12.2707 -48.7991 45.7881
      vertex 34.6239 -57.4595 19.7133
      vertex 28.4287 -51.5958 7.87033
    endloop
  endfacet
  facet normal -0.155696 -0.975738 0.153931
    outer loop
      vertex -2.76913 -47.8156 90
      vertex -5.80732 -49.5958 75.6427
      vertex 10.2687 -52.561 73.1072
    endloop
  endfacet
  facet normal -0.1557 -0.975737 0.15393
    outer loop
      vertex 16.3626 -62.2685 17.7372
      vertex 23.358 -57.3252 56.1478
      vertex -7.66095 -51.821 59.6625
    endloop
  endfacet
  facet normal -0.155696 -0.975738 0.153929
    outer loop
      vertex 23.358 -57.3252 56.1478
      vertex 16.3626 -62.2685 17.7372
      vertex 51.2972 -67.4942 19.9478
    endloop
  endfacet
  facet normal -0.155696 -0.975738 0.153931
    outer loop
      vertex 51.2972 -67.4942 19.9478
      vertex 16.3626 -62.2685 17.7372
      vertex 41.3869 -67.7723 8.16104
    endloop
  endfacet
  facet normal 0 0 1
    outer loop
      vertex -16.9303 -45.556 90
      vertex -15.0697 -40.444 90
      vertex -16.8589 -40.1585 90
    endloop
  endfacet
  facet normal 0 0 1
    outer loop
      vertex -15.0697 -40.444 90
      vertex -16.9303 -45.556 90
      vertex -2.76913 -47.8156 90
    endloop
  endfacet
  facet normal 0 -0 1
    outer loop
      vertex -16.9303 -45.556 90
      vertex -16.8589 -40.1585 90
      vertex -21.8024 -42.6362 90
    endloop
  endfacet
  facet normal 0.155698 0.975744 0.15389
    outer loop
      vertex -14.9722 -40.1763 88.204
      vertex -16.8589 -40.1585 90
      vertex -15.0697 -40.444 90
    endloop
  endfacet
  facet normal -0.508008 -0.847495 0.153885
    outer loop
      vertex -17.6084 -47.4191 77.504
      vertex -20.5263 -44.1198 86.0417
      vertex -17.8143 -47.273 77.6289
    endloop
  endfacet
  facet normal -0.50793 -0.847534 0.153927
    outer loop
      vertex -20.5263 -44.1198 86.0417
      vertex -17.6084 -47.4191 77.504
      vertex -16.9303 -45.556 90
    endloop
  endfacet
  facet normal -0.155696 -0.975738 0.153927
    outer loop
      vertex -5.80732 -49.5958 75.6427
      vertex -16.9303 -45.556 90
      vertex -17.6084 -47.4191 77.504
    endloop
  endfacet
  facet normal -0.155692 -0.975738 0.153931
    outer loop
      vertex -16.9303 -45.556 90
      vertex -5.80732 -49.5958 75.6427
      vertex -2.76913 -47.8156 90
    endloop
  endfacet
  facet normal -0.183257 0.971692 0.149104
    outer loop
      vertex 37.1262 -17.5047 82
      vertex 43.8831 -14.6421 71.6494
      vertex 43.1298 -14.8997 72.4023
    endloop
  endfacet
  facet normal -0.183468 0.971674 0.148961
    outer loop
      vertex 43.8831 -14.6421 71.6494
      vertex 37.1262 -17.5047 82
      vertex 46.0229 -13.9102 69.5107
    endloop
  endfacet
  facet normal -0.18344 0.971675 0.148985
    outer loop
      vertex 42.3156 -15.002 72.067
      vertex 37.1262 -17.5047 82
      vertex 43.1298 -14.8997 72.4023
    endloop
  endfacet
  facet normal -0.183431 0.971676 0.14899
    outer loop
      vertex 37.1262 -17.5047 82
      vertex 42.3156 -15.002 72.067
      vertex 34.4351 -15.9921 68.822
    endloop
  endfacet
  facet normal -0.543033 0.826387 0.148993
    outer loop
      vertex 16.5871 -20.7701 56.4898
      vertex 5.61038 -30.2379 68.996
      vertex 14.8738 -26.4953 82
    endloop
  endfacet
  facet normal -0.543032 0.826388 0.148995
    outer loop
      vertex 5.61038 -30.2379 68.996
      vertex 16.5871 -20.7701 56.4898
      vertex 13.9465 -21.9934 53.6507
    endloop
  endfacet
  facet normal 0.183421 -0.971678 0.148992
    outer loop
      vertex 8.96635 -30.8115 61.1237
      vertex 14.8738 -26.4953 82
      vertex 5.61038 -30.2379 68.996
    endloop
  endfacet
  facet normal 0.18343 -0.971677 0.148989
    outer loop
      vertex 14.8738 -26.4953 82
      vertex 8.96635 -30.8115 61.1237
      vertex 26.8991 -24.2252 82
    endloop
  endfacet
  facet normal -0.543039 0.826384 0.148992
    outer loop
      vertex 24.0974 -17.2908 64.565
      vertex 14.8738 -26.4953 82
      vertex 25.1009 -19.7748 82
    endloop
  endfacet
  facet normal -0.543038 0.826384 0.148992
    outer loop
      vertex 14.8738 -26.4953 82
      vertex 24.0974 -17.2908 64.565
      vertex 16.5871 -20.7701 56.4898
    endloop
  endfacet
  facet normal 0.543042 -0.826381 0.148997
    outer loop
      vertex 37.1262 -17.5047 82
      vertex 42.6877 -15.9744 70.2178
      vertex 43.2872 -15.3367 71.5697
    endloop
  endfacet
  facet normal 0.543036 -0.826385 0.148994
    outer loop
      vertex 42.6877 -15.9744 70.2178
      vertex 37.1262 -17.5047 82
      vertex 35.2011 -23.9378 53.3356
    endloop
  endfacet
  facet normal 0.543063 -0.826364 0.149013
    outer loop
      vertex 43.9935 -14.9684 71.0381
      vertex 37.1262 -17.5047 82
      vertex 43.2872 -15.3367 71.5697
    endloop
  endfacet
  facet normal 0.543044 -0.826379 0.148998
    outer loop
      vertex 37.1262 -17.5047 82
      vertex 43.9935 -14.9684 71.0381
      vertex 46.0229 -13.9102 69.5107
    endloop
  endfacet
  facet normal -0 0 1
    outer loop
      vertex 25.1009 -19.7748 82
      vertex 26.8991 -24.2252 82
      vertex 37.1262 -17.5047 82
    endloop
  endfacet
  facet normal 0 0 1
    outer loop
      vertex 26.8991 -24.2252 82
      vertex 25.1009 -19.7748 82
      vertex 14.8738 -26.4953 82
    endloop
  endfacet
  facet normal -0.18343 0.971677 0.14899
    outer loop
      vertex 34.4351 -15.9921 68.822
      vertex 25.1009 -19.7748 82
      vertex 37.1262 -17.5047 82
    endloop
  endfacet
  facet normal -0.183424 0.971677 0.148994
    outer loop
      vertex 25.1009 -19.7748 82
      vertex 34.4351 -15.9921 68.822
      vertex 24.0974 -17.2908 64.565
    endloop
  endfacet
  facet normal 0.183426 -0.971677 0.148993
    outer loop
      vertex 8.96635 -30.8115 61.1237
      vertex 29.3133 -30.2006 40.0586
      vertex 26.8991 -24.2252 82
    endloop
  endfacet
  facet normal 0.183425 -0.971677 0.148992
    outer loop
      vertex 29.3133 -30.2006 40.0586
      vertex 8.96635 -30.8115 61.1237
      vertex 20.7471 -32.825 33.489
    endloop
  endfacet
  facet normal 0.543039 -0.826384 0.148993
    outer loop
      vertex 26.8991 -24.2252 82
      vertex 35.2011 -23.9378 53.3356
      vertex 37.1262 -17.5047 82
    endloop
  endfacet
  facet normal 0.543038 -0.826384 0.148993
    outer loop
      vertex 35.2011 -23.9378 53.3356
      vertex 26.8991 -24.2252 82
      vertex 29.3133 -30.2006 40.0586
    endloop
  endfacet
  facet normal 0.982161 -0.140377 0.125117
    outer loop
      vertex 13.9682 33.6014 85.5682
      vertex 9.54873 19.9996 105
      vertex 11.0577 17.32 90.1483
    endloop
  endfacet
  facet normal 0.98216 -0.140382 0.125115
    outer loop
      vertex 32.2924 89.9973 5
      vertex 14.3127 34.6001 83.985
      vertex 31.4186 83.8839 5
    endloop
  endfacet
  facet normal 0.982172 -0.140159 0.125273
    outer loop
      vertex 14.3127 34.6001 83.985
      vertex 32.2924 89.9973 5
      vertex 14.0008 33.7016 85.4251
    endloop
  endfacet
  facet normal -0.877099 0.463729 0.125116
    outer loop
      vertex 9.45988 26.1599 81.5447
      vertex 9.54873 19.9996 105
      vertex 13.9682 33.6014 85.5682
    endloop
  endfacet
  facet normal -0.877099 0.463728 0.125116
    outer loop
      vertex 9.54873 19.9996 105
      vertex 9.45988 26.1599 81.5447
      vertex 2.5653 6.79108 105
    endloop
  endfacet
  facet normal -0.877069 0.463773 0.125162
    outer loop
      vertex 22.9264 63.9909 35.7317
      vertex 32.2924 89.9973 5
      vertex 31.9598 89.3683 5
    endloop
  endfacet
  facet normal -0.877099 0.463727 0.125114
    outer loop
      vertex 14.2758 34.6348 83.8941
      vertex 32.2924 89.9973 5
      vertex 22.9264 63.9909 35.7317
    endloop
  endfacet
  facet normal -0.877105 0.463719 0.125107
    outer loop
      vertex 32.2924 89.9973 5
      vertex 14.2758 34.6348 83.8941
      vertex 14.0008 33.7016 85.4251
    endloop
  endfacet
  facet normal -0.877098 0.463728 0.125117
    outer loop
      vertex -0.124571 7.66507 82.904
      vertex 9.45988 26.1599 81.5447
      vertex 1.15841 12.4574 74.1359
    endloop
  endfacet
  facet normal -0.877099 0.463728 0.125117
    outer loop
      vertex 9.45988 26.1599 81.5447
      vertex -0.124571 7.66507 82.904
      vertex 2.5653 6.79108 105
    endloop
  endfacet
  facet normal -0.877097 0.463731 0.125119
    outer loop
      vertex 28.4462 82.7227 5
      vertex 22.9264 63.9909 35.7317
      vertex 31.9598 89.3683 5
    endloop
  endfacet
  facet normal -0.982161 0.14038 0.125116
    outer loop
      vertex -0.682086 -5.98702 93.8451
      vertex -2.28974 -16.4355 92.9482
      vertex 0.451269 -7.99955 105
    endloop
  endfacet
  facet normal 0.877098 -0.463729 0.125117
    outer loop
      vertex 0.451269 -7.99955 105
      vertex 1.88081 -10.3935 86.1057
      vertex 7.4347 5.20892 105
    endloop
  endfacet
  facet normal 0.877097 -0.463731 0.125117
    outer loop
      vertex 1.88081 -10.3935 86.1057
      vertex 0.451269 -7.99955 105
      vertex -2.28974 -16.4355 92.9482
    endloop
  endfacet
  facet normal 0.877098 -0.46373 0.125117
    outer loop
      vertex 1.88081 -10.3935 86.1057
      vertex 10.2096 4.3073 82.2056
      vertex 7.4347 5.20892 105
    endloop
  endfacet
  facet normal 0.877098 -0.46373 0.125114
    outer loop
      vertex 10.2096 4.3073 82.2056
      vertex 1.88081 -10.3935 86.1057
      vertex 8.78642 -0.38908 74.7757
    endloop
  endfacet
  facet normal 0.982161 -0.140376 0.125117
    outer loop
      vertex 9.54873 19.9996 105
      vertex 10.4423 13.8774 91.1167
      vertex 11.0577 17.32 90.1483
    endloop
  endfacet
  facet normal 0.982162 -0.140372 0.125115
    outer loop
      vertex 9.54873 19.9996 105
      vertex 10.2523 12.8145 91.4157
      vertex 10.4423 13.8774 91.1167
    endloop
  endfacet
  facet normal 0.98216 -0.14038 0.12512
    outer loop
      vertex 7.4347 5.20892 105
      vertex 10.2523 12.8145 91.4157
      vertex 9.54873 19.9996 105
    endloop
  endfacet
  facet normal 0.982158 -0.14041 0.125103
    outer loop
      vertex 10.2523 12.8145 91.4157
      vertex 7.4347 5.20892 105
      vertex 10.2471 11.7878 90.3042
    endloop
  endfacet
  facet normal 0.982161 -0.140379 0.125117
    outer loop
      vertex 10.2471 11.7878 90.3042
      vertex 7.4347 5.20892 105
      vertex 10.2096 4.3073 82.2056
    endloop
  endfacet
  facet normal -0 0 1
    outer loop
      vertex 2.5653 6.79108 105
      vertex 7.4347 5.20892 105
      vertex 9.54873 19.9996 105
    endloop
  endfacet
  facet normal 0 0 1
    outer loop
      vertex 7.4347 5.20892 105
      vertex 2.5653 6.79108 105
      vertex 0.451269 -7.99955 105
    endloop
  endfacet
  facet normal -0.982161 0.14038 0.125117
    outer loop
      vertex 0.035776 -0.169005 92.9525
      vertex 2.5653 6.79108 105
      vertex -0.124571 7.66507 82.904
    endloop
  endfacet
  facet normal -0.98216 0.140382 0.125115
    outer loop
      vertex 0.056595 -1.18616 94.2572
      vertex 2.5653 6.79108 105
      vertex 0.035776 -0.169005 92.9525
    endloop
  endfacet
  facet normal -0.982161 0.14038 0.125116
    outer loop
      vertex 0.451269 -7.99955 105
      vertex 0.056595 -1.18616 94.2572
      vertex -0.682086 -5.98702 93.8451
    endloop
  endfacet
  facet normal -0.98216 0.140381 0.125116
    outer loop
      vertex 0.056595 -1.18616 94.2572
      vertex 0.451269 -7.99955 105
      vertex 2.5653 6.79108 105
    endloop
  endfacet
  facet normal -0.289138 0.931639 0.220109
    outer loop
      vertex 0 -67.2951 60.5085
      vertex -3.95556 -68.3164 59.6352
      vertex 0 -68.12 64
    endloop
  endfacet
  facet normal -0.28913 0.931642 0.220105
    outer loop
      vertex 0 -61.2507 34.9238
      vertex -13.7583 -68.8032 48.8185
      vertex 0 -65.0931 51.1876
    endloop
  endfacet
  facet normal -0.289131 0.931642 0.220103
    outer loop
      vertex -13.7583 -68.8032 48.8185
      vertex 0 -61.2507 34.9238
      vertex -21.5306 -69.1891 40.2421
    endloop
  endfacet
  facet normal 0 0 1
    outer loop
      vertex 0 -68.12 64
      vertex 0 -73.88 64
      vertex 9.28 -71 64
    endloop
  endfacet
  facet normal 0 -0 1
    outer loop
      vertex 0 -73.88 64
      vertex 0 -68.12 64
      vertex -9.28 -71 64
    endloop
  endfacet
  facet normal -0.289131 0.931643 0.220101
    outer loop
      vertex -3.95556 -68.3164 59.6352
      vertex -9.28 -71 64
      vertex 0 -68.12 64
    endloop
  endfacet
  facet normal -0.28913 0.931643 0.220102
    outer loop
      vertex -9.28 -71 64
      vertex -3.95556 -68.3164 59.6352
      vertex -14.3495 -71 57.3406
    endloop
  endfacet
  facet normal -0.289129 0.931643 0.220102
    outer loop
      vertex -21.5306 -69.1891 40.2421
      vertex -21.9048 -71 47.4157
      vertex -13.7583 -68.8032 48.8185
    endloop
  endfacet
  facet normal -0.28913 0.931643 0.220101
    outer loop
      vertex -21.9048 -71 47.4157
      vertex -21.5306 -69.1891 40.2421
      vertex -26.4421 -71 41.4554
    endloop
  endfacet
  facet normal 0.289131 0.931643 0.220101
    outer loop
      vertex 9.28 -71 64
      vertex 3.95556 -68.3164 59.6352
      vertex 0 -68.12 64
    endloop
  endfacet
  facet normal 0.28913 0.931643 0.220102
    outer loop
      vertex 3.95556 -68.3164 59.6352
      vertex 9.28 -71 64
      vertex 14.3495 -71 57.3406
    endloop
  endfacet
  facet normal 0.28914 0.931639 0.220108
    outer loop
      vertex 48.2592 -70.5163 10.7485
      vertex 21.9048 -71 47.4157
      vertex 49.4706 -71 11.2045
    endloop
  endfacet
  facet normal 0.289129 0.931644 0.2201
    outer loop
      vertex 21.9048 -71 47.4157
      vertex 48.2592 -70.5163 10.7485
      vertex 13.7583 -68.8032 48.8185
    endloop
  endfacet
  facet normal 0.289138 0.931639 0.220109
    outer loop
      vertex 0 -67.2951 60.5085
      vertex 0 -68.12 64
      vertex 3.95556 -68.3164 59.6352
    endloop
  endfacet
  facet normal 0.28913 0.931642 0.220105
    outer loop
      vertex 13.7583 -68.8032 48.8185
      vertex 0 -61.2507 34.9238
      vertex 0 -65.0931 51.1876
    endloop
  endfacet
  facet normal 0.289135 0.931642 0.2201
    outer loop
      vertex 13.7583 -68.8032 48.8185
      vertex 16.3626 -62.2685 17.7372
      vertex 0 -61.2507 34.9238
    endloop
  endfacet
  facet normal 0.289129 0.931644 0.2201
    outer loop
      vertex 48.2592 -70.5163 10.7485
      vertex 16.3626 -62.2685 17.7372
      vertex 13.7583 -68.8032 48.8185
    endloop
  endfacet
  facet normal 0.289127 0.931647 0.220089
    outer loop
      vertex 16.3626 -62.2685 17.7372
      vertex 48.2592 -70.5163 10.7485
      vertex 41.3869 -67.7723 8.16104
    endloop
  endfacet
  facet normal 0.289129 -0.931644 0.220101
    outer loop
      vertex 9.28 -71 64
      vertex 8.00863 -73.466 55.232
      vertex 14.3495 -71 57.3406
    endloop
  endfacet
  facet normal 0.289132 -0.931643 0.220101
    outer loop
      vertex 18.556 -74.5 37
      vertex 21.9048 -71 47.4157
      vertex 13.6965 -74 45.5
    endloop
  endfacet
  facet normal 0.289133 -0.931643 0.220101
    outer loop
      vertex 24.1768 -72.7556 37
      vertex 21.9048 -71 47.4157
      vertex 18.556 -74.5 37
    endloop
  endfacet
  facet normal 0.28913 -0.931644 0.2201
    outer loop
      vertex 24.1768 -72.7556 37
      vertex 49.4706 -71 11.2045
      vertex 21.9048 -71 47.4157
    endloop
  endfacet
  facet normal 0.289128 -0.931645 0.220098
    outer loop
      vertex 49.4706 -71 11.2045
      vertex 24.1768 -72.7556 37
      vertex 47.8001 -72.7556 5.96771
    endloop
  endfacet
  facet normal 0.289117 -0.93165 0.220093
    outer loop
      vertex 12.0853 -74.5 45.5
      vertex 18.556 -74.5 37
      vertex 13.6965 -74 45.5
    endloop
  endfacet
  facet normal -0.289129 -0.931644 0.220101
    outer loop
      vertex -9.28 -71 64
      vertex -14.3495 -71 57.3406
      vertex -8.00863 -73.466 55.232
    endloop
  endfacet
  facet normal -0.289106 -0.931648 0.220112
    outer loop
      vertex -26.4421 -71 41.4554
      vertex -24.5925 -72.7556 36.454
      vertex -24.1768 -72.7556 37
    endloop
  endfacet
  facet normal -0.28913 -0.931643 0.220102
    outer loop
      vertex -18.556 -74.5 37
      vertex -21.9048 -71 47.4157
      vertex -26.4421 -71 41.4554
    endloop
  endfacet
  facet normal -0.289132 -0.931643 0.220101
    outer loop
      vertex -21.9048 -71 47.4157
      vertex -18.556 -74.5 37
      vertex -13.6965 -74 45.5
    endloop
  endfacet
  facet normal -0.289133 -0.931643 0.220097
    outer loop
      vertex -18.556 -74.5 37
      vertex -26.4421 -71 41.4554
      vertex -24.1768 -72.7556 37
    endloop
  endfacet
  facet normal -0.289117 -0.93165 0.220093
    outer loop
      vertex -13.6965 -74 45.5
      vertex -18.556 -74.5 37
      vertex -12.0853 -74.5 45.5
    endloop
  endfacet
  facet normal -0.289131 -0.931643 0.2201
    outer loop
      vertex -8.00863 -73.466 55.232
      vertex 0 -73.88 64
      vertex -9.28 -71 64
    endloop
  endfacet
  facet normal -0.289128 -0.931645 0.220097
    outer loop
      vertex 0 -73.88 64
      vertex -8.00863 -73.466 55.232
      vertex 0 -76.5806 52.5687
    endloop
  endfacet
  facet normal 0.289131 -0.931643 0.2201
    outer loop
      vertex 0 -73.88 64
      vertex 8.00863 -73.466 55.232
      vertex 9.28 -71 64
    endloop
  endfacet
  facet normal 0.289128 -0.931645 0.220097
    outer loop
      vertex 8.00863 -73.466 55.232
      vertex 0 -73.88 64
      vertex 0 -76.5806 52.5687
    endloop
  endfacet
  facet normal -3.95508e-06 -0.649882 0.760035
    outer loop
      vertex 27 -44.5 80
      vertex 10.2687 -52.561 73.1072
      vertex 14.3495 -71 57.3406
    endloop
  endfacet
  facet normal 4.37897e-18 -0.649887 0.760031
    outer loop
      vertex 10.2687 -52.561 73.1072
      vertex 27 -44.5 80
      vertex -5.27117 -44.5 80
    endloop
  endfacet
  facet normal 4.32033e-07 -0.649884 0.760034
    outer loop
      vertex 14.3495 -71 57.3406
      vertex 57 -79 50.5
      vertex 27 -44.5 80
    endloop
  endfacet
  facet normal 5.83055e-07 -0.649883 0.760034
    outer loop
      vertex 8.00863 -73.466 55.232
      vertex 57 -79 50.5
      vertex 14.3495 -71 57.3406
    endloop
  endfacet
  facet normal -1.60181e-06 -0.649894 0.760025
    outer loop
      vertex 0 -76.5806 52.5687
      vertex 57 -79 50.5
      vertex 8.00863 -73.466 55.232
    endloop
  endfacet
  facet normal -5.51154e-05 -0.64985 0.760062
    outer loop
      vertex -31.3616 -59.8153 66.9043
      vertex -17.6084 -47.4191 77.504
      vertex -17.8143 -47.273 77.6289
    endloop
  endfacet
  facet normal -1.93108e-06 -0.649884 0.760033
    outer loop
      vertex -17.6084 -47.4191 77.504
      vertex -31.3616 -59.8153 66.9043
      vertex -14.3495 -71 57.3406
    endloop
  endfacet
  facet normal 9.84744e-19 -0.649872 0.760043
    outer loop
      vertex 0 -76.5806 52.5687
      vertex -57 -79 50.5
      vertex 57 -79 50.5
    endloop
  endfacet
  facet normal 1.60181e-06 -0.649894 0.760025
    outer loop
      vertex -8.00863 -73.466 55.232
      vertex -57 -79 50.5
      vertex 0 -76.5806 52.5687
    endloop
  endfacet
  facet normal -5.83055e-07 -0.649883 0.760034
    outer loop
      vertex -14.3495 -71 57.3406
      vertex -57 -79 50.5
      vertex -8.00863 -73.466 55.232
    endloop
  endfacet
  facet normal -5.68752e-07 -0.649883 0.760034
    outer loop
      vertex -31.3616 -59.8153 66.9043
      vertex -57 -79 50.5
      vertex -14.3495 -71 57.3406
    endloop
  endfacet
  facet normal 1.32422e-06 -0.649885 0.760033
    outer loop
      vertex -57 -79 50.5
      vertex -31.3616 -59.8153 66.9043
      vertex -36.0023 -54.8527 71.1477
    endloop
  endfacet
  facet normal -4.70382e-06 -0.649882 0.760035
    outer loop
      vertex 10.2687 -52.561 73.1072
      vertex 3.95556 -68.3164 59.6352
      vertex 14.3495 -71 57.3406
    endloop
  endfacet
  facet normal 2.62175e-06 -0.649884 0.760033
    outer loop
      vertex 10.2687 -52.561 73.1072
      vertex 0 -67.2951 60.5085
      vertex 3.95556 -68.3164 59.6352
    endloop
  endfacet
  facet normal 1.83476e-06 -0.649884 0.760034
    outer loop
      vertex -5.80732 -49.5958 75.6427
      vertex 0 -67.2951 60.5085
      vertex 10.2687 -52.561 73.1072
    endloop
  endfacet
  facet normal -2.40425e-06 -0.649885 0.760033
    outer loop
      vertex 0 -67.2951 60.5085
      vertex -5.80732 -49.5958 75.6427
      vertex -3.95556 -68.3164 59.6352
    endloop
  endfacet
  facet normal 5.47787e-06 -0.649884 0.760033
    outer loop
      vertex -5.80732 -49.5958 75.6427
      vertex -14.3495 -71 57.3406
      vertex -3.95556 -68.3164 59.6352
    endloop
  endfacet
  facet normal 4.08171e-06 -0.649884 0.760034
    outer loop
      vertex -14.3495 -71 57.3406
      vertex -5.80732 -49.5958 75.6427
      vertex -17.6084 -47.4191 77.504
    endloop
  endfacet
  facet normal 0 -1 0
    outer loop
      vertex -57 -79 50.5
      vertex -53 -79 46
      vertex 57 -79 50.5
    endloop
  endfacet
  facet normal 0 -1 0
    outer loop
      vertex -57 -79 45.5
      vertex -53 -79 46
      vertex -57 -79 50.5
    endloop
  endfacet
  facet normal 0 -1 -0
    outer loop
      vertex -53 -79 46
      vertex -57 -79 45.5
      vertex -53 -79 45.5
    endloop
  endfacet
  facet normal 0 -1 0
    outer loop
      vertex 53 -79 46
      vertex 57 -79 50.5
      vertex -53 -79 46
    endloop
  endfacet
  facet normal 0 -1 0
    outer loop
      vertex 57 -79 45.5
      vertex 53 -79 46
      vertex 53 -79 45.5
    endloop
  endfacet
  facet normal 0 -1 0
    outer loop
      vertex 53 -79 46
      vertex 57 -79 45.5
      vertex 57 -79 50.5
    endloop
  endfacet
  facet normal -0.701136 -7.38848e-06 0.713028
    outer loop
      vertex -57 -74 50.5
      vertex -36.0023 -54.8527 71.1477
      vertex -42.8374 -54.4084 64.4266
    endloop
  endfacet
  facet normal -0.701139 1.76248e-16 0.713024
    outer loop
      vertex -36.0023 -54.8527 71.1477
      vertex -57 -74 50.5
      vertex -57 -79 50.5
    endloop
  endfacet
  facet normal 0 0 1
    outer loop
      vertex -0.426445 -36.4579 80
      vertex 27 -32.5 80
      vertex 0.332117 -32.5 80
    endloop
  endfacet
  facet normal 0 0 1
    outer loop
      vertex 27 -32.5 80
      vertex -0.426445 -36.4579 80
      vertex 27 -44.5 80
    endloop
  endfacet
  facet normal -0 0 1
    outer loop
      vertex -0.602109 -37.3745 80
      vertex 27 -44.5 80
      vertex -0.426445 -36.4579 80
    endloop
  endfacet
  facet normal 0 0 1
    outer loop
      vertex -5.27117 -44.5 80
      vertex -0.602109 -37.3745 80
      vertex -1.35444 -37.7516 80
    endloop
  endfacet
  facet normal 0 0 1
    outer loop
      vertex -0.602109 -37.3745 80
      vertex -5.27117 -44.5 80
      vertex 27 -44.5 80
    endloop
  endfacet
  facet normal 0 0 1
    outer loop
      vertex -1.35444 -37.7516 80
      vertex -5.98497 -44.0722 80
      vertex -5.27117 -44.5 80
    endloop
  endfacet
  facet normal 0 -0 1
    outer loop
      vertex -5.98497 -44.0722 80
      vertex -1.35444 -37.7516 80
      vertex -9.61959 -41.894 80
    endloop
  endfacet
  facet normal 0.70114 -0 0.713024
    outer loop
      vertex 27 -44.5 80
      vertex 57 -74 50.5
      vertex 27 -32.5 80
    endloop
  endfacet
  facet normal 0.70114 0 0.713024
    outer loop
      vertex 57 -74 50.5
      vertex 27 -44.5 80
      vertex 57 -79 50.5
    endloop
  endfacet
  facet normal -0.810421 0.585848 0
    outer loop
      vertex -57 -74 50.5
      vertex -45.0993 -57.5374 56.0123
      vertex -57 -74 45.5
    endloop
  endfacet
  facet normal -0.810421 0.585849 -3.5776e-06
    outer loop
      vertex -45.0993 -57.5374 56.0123
      vertex -57 -74 50.5
      vertex -42.8374 -54.4084 64.4266
    endloop
  endfacet
  facet normal 0 1 0
    outer loop
      vertex 3.85426 -32.5 72
      vertex 27 -32.5 80
      vertex 27 -32.5 72
    endloop
  endfacet
  facet normal 0 1 0
    outer loop
      vertex 27 -32.5 80
      vertex 3.85426 -32.5 72
      vertex 0.332117 -32.5 80
    endloop
  endfacet
  facet normal 1.05118e-05 0.538217 -0.842806
    outer loop
      vertex -13.6965 -74 45.5
      vertex -31.2387 -69.7939 48.1858
      vertex -21.9048 -71 47.4157
    endloop
  endfacet
  facet normal -1.20314e-06 0.538191 -0.842823
    outer loop
      vertex -31.2387 -69.7939 48.1858
      vertex -57 -74 45.5
      vertex -45.0993 -57.5374 56.0123
    endloop
  endfacet
  facet normal 0 0.538186 -0.842826
    outer loop
      vertex -57 -74 45.5
      vertex -31.2387 -69.7939 48.1858
      vertex -13.6965 -74 45.5
    endloop
  endfacet
  facet normal -7.01739e-06 0.538186 -0.842826
    outer loop
      vertex 12.2118 -51.3395 59.9699
      vertex 4.21662 -42.7669 65.444
      vertex 4.73742 -42.3699 65.6975
    endloop
  endfacet
  facet normal 1.22311e-07 0.538191 -0.842823
    outer loop
      vertex 4.21662 -42.7669 65.444
      vertex 12.2118 -51.3395 59.9699
      vertex 0.923241 -45.2774 63.8409
    endloop
  endfacet
  facet normal -1.41114e-06 0.538188 -0.842825
    outer loop
      vertex 57 -74 45.5
      vertex 23.358 -57.3252 56.1478
      vertex 27 -32.5 72
    endloop
  endfacet
  facet normal -8.95175e-07 0.538189 -0.842824
    outer loop
      vertex 57 -74 45.5
      vertex 21.9048 -71 47.4157
      vertex 23.358 -57.3252 56.1478
    endloop
  endfacet
  facet normal 0 0.538196 -0.842819
    outer loop
      vertex 21.9048 -71 47.4157
      vertex 57 -74 45.5
      vertex 13.6965 -74 45.5
    endloop
  endfacet
  facet normal 5.97622e-06 0.538187 -0.842825
    outer loop
      vertex 12.2118 -51.3395 59.9699
      vertex 27 -32.5 72
      vertex 23.358 -57.3252 56.1478
    endloop
  endfacet
  facet normal 6.39643e-05 0.538228 -0.842799
    outer loop
      vertex 4.64991 -41.392 66.322
      vertex 12.2118 -51.3395 59.9699
      vertex 4.73742 -42.3699 65.6975
    endloop
  endfacet
  facet normal -2.81806e-06 0.538192 -0.842822
    outer loop
      vertex 12.2118 -51.3395 59.9699
      vertex 4.64991 -41.392 66.322
      vertex 27 -32.5 72
    endloop
  endfacet
  facet normal 0 0.538187 -0.842825
    outer loop
      vertex 27 -32.5 72
      vertex 4.64991 -41.392 66.322
      vertex 3.85426 -32.5 72
    endloop
  endfacet
  facet normal -2.44299e-06 0.538189 -0.842824
    outer loop
      vertex 13.7583 -68.8032 48.8185
      vertex 23.358 -57.3252 56.1478
      vertex 21.9048 -71 47.4157
    endloop
  endfacet
  facet normal -4.08797e-07 0.538188 -0.842825
    outer loop
      vertex 0 -65.0931 51.1876
      vertex 23.358 -57.3252 56.1478
      vertex 13.7583 -68.8032 48.8185
    endloop
  endfacet
  facet normal 2.16021e-07 0.538187 -0.842826
    outer loop
      vertex 0 -65.0931 51.1876
      vertex -7.66095 -51.821 59.6625
      vertex 23.358 -57.3252 56.1478
    endloop
  endfacet
  facet normal 8.2124e-07 0.538187 -0.842826
    outer loop
      vertex -13.7583 -68.8032 48.8185
      vertex -7.66095 -51.821 59.6625
      vertex 0 -65.0931 51.1876
    endloop
  endfacet
  facet normal 3.58146e-06 0.538186 -0.842826
    outer loop
      vertex -21.9048 -71 47.4157
      vertex -7.66095 -51.821 59.6625
      vertex -13.7583 -68.8032 48.8185
    endloop
  endfacet
  facet normal 4.80098e-06 0.538185 -0.842826
    outer loop
      vertex -7.66095 -51.821 59.6625
      vertex -21.9048 -71 47.4157
      vertex -31.2387 -69.7939 48.1858
    endloop
  endfacet
  facet normal -1 0 0
    outer loop
      vertex -57 -79 45.5
      vertex -57 -74 50.5
      vertex -57 -74 45.5
    endloop
  endfacet
  facet normal -1 -0 0
    outer loop
      vertex -57 -74 50.5
      vertex -57 -79 45.5
      vertex -57 -79 50.5
    endloop
  endfacet
  facet normal 0.810422 0.585847 0
    outer loop
      vertex 57 -74 50.5
      vertex 27 -32.5 72
      vertex 27 -32.5 80
    endloop
  endfacet
  facet normal 0.810422 0.585847 0
    outer loop
      vertex 27 -32.5 72
      vertex 57 -74 50.5
      vertex 57 -74 45.5
    endloop
  endfacet
  facet normal 0 0 -1
    outer loop
      vertex -53 -79 45.5
      vertex -57 -79 45.5
      vertex -53 -74.5 45.5
    endloop
  endfacet
  facet normal 0 0 -1
    outer loop
      vertex -53 -74.5 45.5
      vertex -13.6965 -74 45.5
      vertex -12.0853 -74.5 45.5
    endloop
  endfacet
  facet normal 0 0 -1
    outer loop
      vertex -53 -74.5 45.5
      vertex -57 -74 45.5
      vertex -13.6965 -74 45.5
    endloop
  endfacet
  facet normal 0 0 -1
    outer loop
      vertex -57 -74 45.5
      vertex -53 -74.5 45.5
      vertex -57 -79 45.5
    endloop
  endfacet
  facet normal 0 0 -1
    outer loop
      vertex 53 -74.5 45.5
      vertex 57 -79 45.5
      vertex 53 -79 45.5
    endloop
  endfacet
  facet normal 0 0 -1
    outer loop
      vertex 57 -79 45.5
      vertex 53 -74.5 45.5
      vertex 57 -74 45.5
    endloop
  endfacet
  facet normal 0 0 -1
    outer loop
      vertex 53 -74.5 45.5
      vertex 13.6965 -74 45.5
      vertex 57 -74 45.5
    endloop
  endfacet
  facet normal 0 -0 -1
    outer loop
      vertex 13.6965 -74 45.5
      vertex 53 -74.5 45.5
      vertex 12.0853 -74.5 45.5
    endloop
  endfacet
  facet normal 1 -0 0
    outer loop
      vertex 57 -79 50.5
      vertex 57 -74 45.5
      vertex 57 -74 50.5
    endloop
  endfacet
  facet normal 1 0 0
    outer loop
      vertex 57 -74 45.5
      vertex 57 -79 50.5
      vertex 57 -79 45.5
    endloop
  endfacet
  facet normal 1 -0 0
    outer loop
      vertex -51.8436 -100.1 37
      vertex -51.8436 -74.5 16.5013
      vertex -51.8436 -74.5 37
    endloop
  endfacet
  facet normal 1 0 0
    outer loop
      vertex -51.8436 -100.1 0
      vertex -51.8436 -74.5 16.5013
      vertex -51.8436 -100.1 37
    endloop
  endfacet
  facet normal 1 0 0
    outer loop
      vertex -51.8436 -74.5 16.5013
      vertex -51.8436 -100.1 0
      vertex -51.8436 -75.9715 0
    endloop
  endfacet
  facet normal 1 -0 0
    outer loop
      vertex -51.8436 -74.5 16.5013
      vertex -51.8436 -72.7556 6.22215
      vertex -51.8436 -72.7556 19.7973
    endloop
  endfacet
  facet normal 1 0 0
    outer loop
      vertex -51.8436 -72.7556 6.22215
      vertex -51.8436 -74.5 16.5013
      vertex -51.8436 -75.9715 0
    endloop
  endfacet
  facet normal 0 0 -1
    outer loop
      vertex 51.8436 -100.1 37
      vertex 18.556 -74.5 37
      vertex 51.8436 -74.5 37
    endloop
  endfacet
  facet normal 0 0 -1
    outer loop
      vertex 0 -76.3031 37
      vertex 18.556 -74.5 37
      vertex 51.8436 -100.1 37
    endloop
  endfacet
  facet normal 0 0 -1
    outer loop
      vertex 18.556 -74.5 37
      vertex 6.52447 -74.2815 37
      vertex 11.4493 -72.7556 37
    endloop
  endfacet
  facet normal -0 0 -1
    outer loop
      vertex 18.556 -74.5 37
      vertex 0 -76.3031 37
      vertex 6.52447 -74.2815 37
    endloop
  endfacet
  facet normal 0 0 -1
    outer loop
      vertex -51.8436 -100.1 37
      vertex 0 -76.3031 37
      vertex 51.8436 -100.1 37
    endloop
  endfacet
  facet normal 0 -0 -1
    outer loop
      vertex -18.556 -74.5 37
      vertex 0 -76.3031 37
      vertex -51.8436 -100.1 37
    endloop
  endfacet
  facet normal -0 0 -1
    outer loop
      vertex -6.52447 -74.2815 37
      vertex -18.556 -74.5 37
      vertex -11.4493 -72.7556 37
    endloop
  endfacet
  facet normal 0 0 -1
    outer loop
      vertex 0 -76.3031 37
      vertex -18.556 -74.5 37
      vertex -6.52447 -74.2815 37
    endloop
  endfacet
  facet normal -0 0 -1
    outer loop
      vertex -18.556 -74.5 37
      vertex -51.8436 -100.1 37
      vertex -28.6573 -74.5 37
    endloop
  endfacet
  facet normal -0 0 -1
    outer loop
      vertex -28.6573 -74.5 37
      vertex -51.8436 -100.1 37
      vertex -33.3123 -74.5 37
    endloop
  endfacet
  facet normal -0 0 -1
    outer loop
      vertex -33.3123 -74.5 37
      vertex -51.8436 -100.1 37
      vertex -51.8436 -74.5 37
    endloop
  endfacet
  facet normal -0 0 -1
    outer loop
      vertex 24.1768 -72.7556 37
      vertex 18.556 -74.5 37
      vertex 11.4493 -72.7556 37
    endloop
  endfacet
  facet normal -0 0 -1
    outer loop
      vertex -11.4493 -72.7556 37
      vertex -18.556 -74.5 37
      vertex -24.1768 -72.7556 37
    endloop
  endfacet
  facet normal 0 0 -1
    outer loop
      vertex -36.2919 -72.7556 37
      vertex -28.6573 -74.5 37
      vertex -33.3123 -74.5 37
    endloop
  endfacet
  facet normal 0 0 -1
    outer loop
      vertex -28.6573 -74.5 37
      vertex -36.2919 -72.7556 37
      vertex -25.1768 -72.7556 37
    endloop
  endfacet
  facet normal -1 0 0
    outer loop
      vertex 51.8436 -72.7556 0
      vertex 51.8436 -74.5 7.24313
      vertex 51.8436 -72.7556 10.561
    endloop
  endfacet
  facet normal -1 0 0
    outer loop
      vertex 51.8436 -100.1 0
      vertex 51.8436 -74.5 7.24313
      vertex 51.8436 -72.7556 0
    endloop
  endfacet
  facet normal -1 0 0
    outer loop
      vertex 51.8436 -100.1 37
      vertex 51.8436 -74.5 7.24313
      vertex 51.8436 -100.1 0
    endloop
  endfacet
  facet normal -1 0 0
    outer loop
      vertex 51.8436 -74.5 7.24313
      vertex 51.8436 -100.1 37
      vertex 51.8436 -74.5 37
    endloop
  endfacet
  facet normal 0 -1 0
    outer loop
      vertex 39.0011 -72.7556 0
      vertex 24.1768 -72.7556 37
      vertex 11.4493 -72.7556 37
    endloop
  endfacet
  facet normal 0 -1 0
    outer loop
      vertex 24.1768 -72.7556 37
      vertex 39.0011 -72.7556 0
      vertex 47.8001 -72.7556 5.96771
    endloop
  endfacet
  facet normal 0 -1 0
    outer loop
      vertex 47.8001 -72.7556 5.96771
      vertex 51.8436 -72.7556 0
      vertex 51.8436 -72.7556 10.561
    endloop
  endfacet
  facet normal 0 -1 0
    outer loop
      vertex 51.8436 -72.7556 0
      vertex 47.8001 -72.7556 5.96771
      vertex 39.0011 -72.7556 0
    endloop
  endfacet
  facet normal 0 -1 0
    outer loop
      vertex -30.5004 -72.7556 30.3579
      vertex -25.1768 -72.7556 37
      vertex -36.2919 -72.7556 37
    endloop
  endfacet
  facet normal 0 -1 -0
    outer loop
      vertex -25.1768 -72.7556 37
      vertex -30.5004 -72.7556 30.3579
      vertex -24.5925 -72.7556 36.454
    endloop
  endfacet
  facet normal 0 -1 0
    outer loop
      vertex -51.8436 -72.7556 19.7973
      vertex -30.5004 -72.7556 30.3579
      vertex -36.2919 -72.7556 37
    endloop
  endfacet
  facet normal 0 -1 0
    outer loop
      vertex -30.5004 -72.7556 30.3579
      vertex -51.8436 -72.7556 19.7973
      vertex -51.8436 -72.7556 6.22215
    endloop
  endfacet
  facet normal 0 -1 0
    outer loop
      vertex -24.5925 -72.7556 36.454
      vertex -11.4493 -72.7556 37
      vertex -24.1768 -72.7556 37
    endloop
  endfacet
  facet normal 0 -1 0
    outer loop
      vertex -22.2582 -72.7556 22.4845
      vertex -24.5925 -72.7556 36.454
      vertex -30.5004 -72.7556 30.3579
    endloop
  endfacet
  facet normal 0 -1 0
    outer loop
      vertex -24.5925 -72.7556 36.454
      vertex -22.2582 -72.7556 22.4845
      vertex -11.4493 -72.7556 37
    endloop
  endfacet
  facet normal 0 1 -0
    outer loop
      vertex -22.2792 -100.1 28.8646
      vertex -51.8436 -100.1 37
      vertex 51.8436 -100.1 37
    endloop
  endfacet
  facet normal 0 1 0
    outer loop
      vertex -51.8436 -100.1 37
      vertex -22.2792 -100.1 28.8646
      vertex -24 -100.1 29
    endloop
  endfacet
  facet normal 0 1 0
    outer loop
      vertex 51.8436 -100.1 37
      vertex -20.6008 -100.1 28.4616
      vertex -22.2792 -100.1 28.8646
    endloop
  endfacet
  facet normal 0 1 -0
    outer loop
      vertex 22.7485 -100.1 25.9015
      vertex -20.6008 -100.1 28.4616
      vertex 51.8436 -100.1 37
    endloop
  endfacet
  facet normal 0 1 -0
    outer loop
      vertex 21.5279 -100.1 25.6085
      vertex -20.6008 -100.1 28.4616
      vertex 22.7485 -100.1 25.9015
    endloop
  endfacet
  facet normal 0 1 0
    outer loop
      vertex 22.7485 -100.1 25.9015
      vertex 51.8436 -100.1 37
      vertex 24 -100.1 26
    endloop
  endfacet
  facet normal 0 1 0
    outer loop
      vertex 51.8436 -100.1 37
      vertex 25.2515 -100.1 25.9015
      vertex 24 -100.1 26
    endloop
  endfacet
  facet normal 0 1 0
    outer loop
      vertex 51.8436 -100.1 37
      vertex 26.4721 -100.1 25.6085
      vertex 25.2515 -100.1 25.9015
    endloop
  endfacet
  facet normal 0 1 0
    outer loop
      vertex 51.8436 -100.1 37
      vertex 27.6319 -100.1 25.1281
      vertex 26.4721 -100.1 25.6085
    endloop
  endfacet
  facet normal 0 1 0
    outer loop
      vertex 51.8436 -100.1 37
      vertex 28.7023 -100.1 24.4721
      vertex 27.6319 -100.1 25.1281
    endloop
  endfacet
  facet normal 0 1 0
    outer loop
      vertex 51.8436 -100.1 37
      vertex 29.6569 -100.1 23.6569
      vertex 28.7023 -100.1 24.4721
    endloop
  endfacet
  facet normal 0 1 0
    outer loop
      vertex 51.8436 -100.1 37
      vertex 30.4721 -100.1 22.7023
      vertex 29.6569 -100.1 23.6569
    endloop
  endfacet
  facet normal 0 1 0
    outer loop
      vertex 51.8436 -100.1 37
      vertex 31.1281 -100.1 21.6319
      vertex 30.4721 -100.1 22.7023
    endloop
  endfacet
  facet normal 0 1 0
    outer loop
      vertex 51.8436 -100.1 37
      vertex 31.6085 -100.1 20.4721
      vertex 31.1281 -100.1 21.6319
    endloop
  endfacet
  facet normal 0 1 0
    outer loop
      vertex 51.8436 -100.1 37
      vertex 31.9015 -100.1 19.2515
      vertex 31.6085 -100.1 20.4721
    endloop
  endfacet
  facet normal 0 1 0
    outer loop
      vertex 51.8436 -100.1 37
      vertex 32 -100.1 18
      vertex 31.9015 -100.1 19.2515
    endloop
  endfacet
  facet normal 0 1 -0
    outer loop
      vertex 51.8436 -100.1 0
      vertex 32 -100.1 18
      vertex 51.8436 -100.1 37
    endloop
  endfacet
  facet normal 0 1 0
    outer loop
      vertex 32 -100.1 18
      vertex 51.8436 -100.1 0
      vertex 31.9015 -100.1 16.7485
    endloop
  endfacet
  facet normal 0 1 0
    outer loop
      vertex 31.9015 -100.1 16.7485
      vertex 51.8436 -100.1 0
      vertex 31.6085 -100.1 15.5279
    endloop
  endfacet
  facet normal 0 1 0
    outer loop
      vertex 31.6085 -100.1 15.5279
      vertex 51.8436 -100.1 0
      vertex 31.1281 -100.1 14.3681
    endloop
  endfacet
  facet normal 0 1 0
    outer loop
      vertex 31.1281 -100.1 14.3681
      vertex 51.8436 -100.1 0
      vertex 30.4721 -100.1 13.2977
    endloop
  endfacet
  facet normal 0 1 0
    outer loop
      vertex 20.3681 -100.1 10.8719
      vertex -19.0061 -100.1 8.19893
      vertex -17.5344 -100.1 9.10081
    endloop
  endfacet
  facet normal 0 1 0
    outer loop
      vertex 22.7485 -100.1 10.0985
      vertex -20.6008 -100.1 7.53838
      vertex -19.0061 -100.1 8.19893
    endloop
  endfacet
  facet normal 0 1 0
    outer loop
      vertex 22.7485 -100.1 10.0985
      vertex 51.8436 -100.1 0
      vertex -20.6008 -100.1 7.53838
    endloop
  endfacet
  facet normal 0 1 0
    outer loop
      vertex -20.6008 -100.1 7.53838
      vertex 51.8436 -100.1 0
      vertex -22.2792 -100.1 7.13543
    endloop
  endfacet
  facet normal 0 1 0
    outer loop
      vertex -51.8436 -100.1 0
      vertex -22.2792 -100.1 7.13543
      vertex 51.8436 -100.1 0
    endloop
  endfacet
  facet normal 0 1 0
    outer loop
      vertex 25.2515 -100.1 10.0985
      vertex 51.8436 -100.1 0
      vertex 24 -100.1 10
    endloop
  endfacet
  facet normal 0 1 0
    outer loop
      vertex 26.4721 -100.1 10.3915
      vertex 51.8436 -100.1 0
      vertex 25.2515 -100.1 10.0985
    endloop
  endfacet
  facet normal 0 1 0
    outer loop
      vertex 27.6319 -100.1 10.8719
      vertex 51.8436 -100.1 0
      vertex 26.4721 -100.1 10.3915
    endloop
  endfacet
  facet normal 0 1 0
    outer loop
      vertex 28.7023 -100.1 11.5279
      vertex 51.8436 -100.1 0
      vertex 27.6319 -100.1 10.8719
    endloop
  endfacet
  facet normal 0 1 0
    outer loop
      vertex 29.6569 -100.1 12.3431
      vertex 51.8436 -100.1 0
      vertex 28.7023 -100.1 11.5279
    endloop
  endfacet
  facet normal 0 1 0
    outer loop
      vertex 30.4721 -100.1 13.2977
      vertex 51.8436 -100.1 0
      vertex 29.6569 -100.1 12.3431
    endloop
  endfacet
  facet normal 0 1 -0
    outer loop
      vertex -25.7208 -100.1 28.8646
      vertex -51.8436 -100.1 37
      vertex -24 -100.1 29
    endloop
  endfacet
  facet normal 0 1 -0
    outer loop
      vertex -27.3992 -100.1 28.4616
      vertex -51.8436 -100.1 37
      vertex -25.7208 -100.1 28.8646
    endloop
  endfacet
  facet normal 0 1 -0
    outer loop
      vertex -28.9939 -100.1 27.8011
      vertex -51.8436 -100.1 37
      vertex -27.3992 -100.1 28.4616
    endloop
  endfacet
  facet normal 0 1 -0
    outer loop
      vertex -30.4656 -100.1 26.8992
      vertex -51.8436 -100.1 37
      vertex -28.9939 -100.1 27.8011
    endloop
  endfacet
  facet normal 0 1 -0
    outer loop
      vertex -31.7782 -100.1 25.7782
      vertex -51.8436 -100.1 37
      vertex -30.4656 -100.1 26.8992
    endloop
  endfacet
  facet normal 0 1 -0
    outer loop
      vertex -32.8992 -100.1 24.4656
      vertex -51.8436 -100.1 37
      vertex -31.7782 -100.1 25.7782
    endloop
  endfacet
  facet normal 0 1 -0
    outer loop
      vertex -33.8011 -100.1 22.9939
      vertex -51.8436 -100.1 37
      vertex -32.8992 -100.1 24.4656
    endloop
  endfacet
  facet normal 0 1 -0
    outer loop
      vertex -34.4616 -100.1 21.3992
      vertex -51.8436 -100.1 37
      vertex -33.8011 -100.1 22.9939
    endloop
  endfacet
  facet normal 0 1 -0
    outer loop
      vertex -34.8646 -100.1 19.7208
      vertex -51.8436 -100.1 37
      vertex -34.4616 -100.1 21.3992
    endloop
  endfacet
  facet normal 0 1 -0
    outer loop
      vertex -35 -100.1 18
      vertex -51.8436 -100.1 37
      vertex -34.8646 -100.1 19.7208
    endloop
  endfacet
  facet normal 0 1 0
    outer loop
      vertex -51.8436 -100.1 0
      vertex -35 -100.1 18
      vertex -34.8646 -100.1 16.2792
    endloop
  endfacet
  facet normal 0 1 0
    outer loop
      vertex -51.8436 -100.1 0
      vertex -34.8646 -100.1 16.2792
      vertex -34.4616 -100.1 14.6008
    endloop
  endfacet
  facet normal 0 1 0
    outer loop
      vertex -51.8436 -100.1 0
      vertex -34.4616 -100.1 14.6008
      vertex -33.8011 -100.1 13.0061
    endloop
  endfacet
  facet normal 0 1 0
    outer loop
      vertex -51.8436 -100.1 0
      vertex -33.8011 -100.1 13.0061
      vertex -32.8992 -100.1 11.5344
    endloop
  endfacet
  facet normal 0 1 0
    outer loop
      vertex -22.2792 -100.1 7.13543
      vertex -51.8436 -100.1 0
      vertex -24 -100.1 7
    endloop
  endfacet
  facet normal 0 1 0
    outer loop
      vertex -35 -100.1 18
      vertex -51.8436 -100.1 0
      vertex -51.8436 -100.1 37
    endloop
  endfacet
  facet normal 0 1 0
    outer loop
      vertex -31.7782 -100.1 10.2218
      vertex -51.8436 -100.1 0
      vertex -32.8992 -100.1 11.5344
    endloop
  endfacet
  facet normal 0 1 0
    outer loop
      vertex -30.4656 -100.1 9.10081
      vertex -51.8436 -100.1 0
      vertex -31.7782 -100.1 10.2218
    endloop
  endfacet
  facet normal 0 1 0
    outer loop
      vertex -28.9939 -100.1 8.19893
      vertex -51.8436 -100.1 0
      vertex -30.4656 -100.1 9.10081
    endloop
  endfacet
  facet normal 0 1 0
    outer loop
      vertex -27.3992 -100.1 7.53838
      vertex -51.8436 -100.1 0
      vertex -28.9939 -100.1 8.19893
    endloop
  endfacet
  facet normal 0 1 0
    outer loop
      vertex -25.7208 -100.1 7.13543
      vertex -51.8436 -100.1 0
      vertex -27.3992 -100.1 7.53838
    endloop
  endfacet
  facet normal 0 1 0
    outer loop
      vertex -24 -100.1 7
      vertex -51.8436 -100.1 0
      vertex -25.7208 -100.1 7.13543
    endloop
  endfacet
  facet normal 0 1 0
    outer loop
      vertex -20.6008 -100.1 28.4616
      vertex 21.5279 -100.1 25.6085
      vertex -19.0061 -100.1 27.8011
    endloop
  endfacet
  facet normal 0 1 -0
    outer loop
      vertex 20.3681 -100.1 25.1281
      vertex -19.0061 -100.1 27.8011
      vertex 21.5279 -100.1 25.6085
    endloop
  endfacet
  facet normal 0 1 0
    outer loop
      vertex -19.0061 -100.1 27.8011
      vertex 20.3681 -100.1 25.1281
      vertex -17.5344 -100.1 26.8992
    endloop
  endfacet
  facet normal 0 1 -0
    outer loop
      vertex 19.2977 -100.1 24.4721
      vertex -17.5344 -100.1 26.8992
      vertex 20.3681 -100.1 25.1281
    endloop
  endfacet
  facet normal 0 1 0
    outer loop
      vertex -17.5344 -100.1 26.8992
      vertex 19.2977 -100.1 24.4721
      vertex -16.2218 -100.1 25.7782
    endloop
  endfacet
  facet normal 0 1 -0
    outer loop
      vertex 18.3431 -100.1 23.6569
      vertex -16.2218 -100.1 25.7782
      vertex 19.2977 -100.1 24.4721
    endloop
  endfacet
  facet normal 0 1 0
    outer loop
      vertex -16.2218 -100.1 25.7782
      vertex 18.3431 -100.1 23.6569
      vertex -15.1008 -100.1 24.4656
    endloop
  endfacet
  facet normal 0 1 -0
    outer loop
      vertex 17.5279 -100.1 22.7023
      vertex -15.1008 -100.1 24.4656
      vertex 18.3431 -100.1 23.6569
    endloop
  endfacet
  facet normal 0 1 0
    outer loop
      vertex -15.1008 -100.1 24.4656
      vertex 17.5279 -100.1 22.7023
      vertex -14.1989 -100.1 22.9939
    endloop
  endfacet
  facet normal 0 1 -0
    outer loop
      vertex 16.8719 -100.1 21.6319
      vertex -14.1989 -100.1 22.9939
      vertex 17.5279 -100.1 22.7023
    endloop
  endfacet
  facet normal 0 1 0
    outer loop
      vertex 16.8719 -100.1 21.6319
      vertex -13.5384 -100.1 21.3992
      vertex -14.1989 -100.1 22.9939
    endloop
  endfacet
  facet normal 0 1 -0
    outer loop
      vertex 16.3915 -100.1 20.4721
      vertex -13.5384 -100.1 21.3992
      vertex 16.8719 -100.1 21.6319
    endloop
  endfacet
  facet normal 0 1 0
    outer loop
      vertex 16.3915 -100.1 20.4721
      vertex -13.1354 -100.1 19.7208
      vertex -13.5384 -100.1 21.3992
    endloop
  endfacet
  facet normal 0 1 -0
    outer loop
      vertex 16.0985 -100.1 19.2515
      vertex -13.1354 -100.1 19.7208
      vertex 16.3915 -100.1 20.4721
    endloop
  endfacet
  facet normal 0 1 0
    outer loop
      vertex -13 -100.1 18
      vertex 16.0985 -100.1 19.2515
      vertex 16 -100.1 18
    endloop
  endfacet
  facet normal 0 1 0
    outer loop
      vertex 16.0985 -100.1 19.2515
      vertex -13 -100.1 18
      vertex -13.1354 -100.1 19.7208
    endloop
  endfacet
  facet normal 0 1 0
    outer loop
      vertex 16.0985 -100.1 16.7485
      vertex -13 -100.1 18
      vertex 16 -100.1 18
    endloop
  endfacet
  facet normal 0 1 0
    outer loop
      vertex 16.0985 -100.1 16.7485
      vertex -13.1354 -100.1 16.2792
      vertex -13 -100.1 18
    endloop
  endfacet
  facet normal 0 1 0
    outer loop
      vertex 16.3915 -100.1 15.5279
      vertex -13.1354 -100.1 16.2792
      vertex 16.0985 -100.1 16.7485
    endloop
  endfacet
  facet normal 0 1 0
    outer loop
      vertex 16.3915 -100.1 15.5279
      vertex -13.5384 -100.1 14.6008
      vertex -13.1354 -100.1 16.2792
    endloop
  endfacet
  facet normal 0 1 0
    outer loop
      vertex 16.8719 -100.1 14.3681
      vertex -13.5384 -100.1 14.6008
      vertex 16.3915 -100.1 15.5279
    endloop
  endfacet
  facet normal 0 1 0
    outer loop
      vertex -14.1989 -100.1 13.0061
      vertex 16.8719 -100.1 14.3681
      vertex 17.5279 -100.1 13.2977
    endloop
  endfacet
  facet normal 0 1 0
    outer loop
      vertex 16.8719 -100.1 14.3681
      vertex -14.1989 -100.1 13.0061
      vertex -13.5384 -100.1 14.6008
    endloop
  endfacet
  facet normal 0 1 0
    outer loop
      vertex -15.1008 -100.1 11.5344
      vertex 17.5279 -100.1 13.2977
      vertex 18.3431 -100.1 12.3431
    endloop
  endfacet
  facet normal 0 1 0
    outer loop
      vertex 17.5279 -100.1 13.2977
      vertex -15.1008 -100.1 11.5344
      vertex -14.1989 -100.1 13.0061
    endloop
  endfacet
  facet normal 0 1 0
    outer loop
      vertex -16.2218 -100.1 10.2218
      vertex 18.3431 -100.1 12.3431
      vertex 19.2977 -100.1 11.5279
    endloop
  endfacet
  facet normal 0 1 0
    outer loop
      vertex -17.5344 -100.1 9.10081
      vertex 19.2977 -100.1 11.5279
      vertex 20.3681 -100.1 10.8719
    endloop
  endfacet
  facet normal 0 1 0
    outer loop
      vertex -19.0061 -100.1 8.19893
      vertex 20.3681 -100.1 10.8719
      vertex 21.5279 -100.1 10.3915
    endloop
  endfacet
  facet normal 0 1 0
    outer loop
      vertex 18.3431 -100.1 12.3431
      vertex -16.2218 -100.1 10.2218
      vertex -15.1008 -100.1 11.5344
    endloop
  endfacet
  facet normal 0 1 0
    outer loop
      vertex -19.0061 -100.1 8.19893
      vertex 21.5279 -100.1 10.3915
      vertex 22.7485 -100.1 10.0985
    endloop
  endfacet
  facet normal 0 1 0
    outer loop
      vertex 51.8436 -100.1 0
      vertex 22.7485 -100.1 10.0985
      vertex 24 -100.1 10
    endloop
  endfacet
  facet normal 0 1 0
    outer loop
      vertex 19.2977 -100.1 11.5279
      vertex -17.5344 -100.1 9.10081
      vertex -16.2218 -100.1 10.2218
    endloop
  endfacet
  facet normal 0 0 -1
    outer loop
      vertex -32.7671 -9.07666 151
      vertex -29.46 -7.42182 151
      vertex -29.8036 -9.21203 151
    endloop
  endfacet
  facet normal 0 0 -1
    outer loop
      vertex -32.7671 -9.07666 151
      vertex -29.8036 -9.21203 151
      vertex -31.2755 -9.94851 151
    endloop
  endfacet
  facet normal 0 0 -1
    outer loop
      vertex -33.1554 -7.25301 151
      vertex -29.46 -7.42182 151
      vertex -32.7671 -9.07666 151
    endloop
  endfacet
  facet normal 0 0 -1
    outer loop
      vertex -29.46 -7.42182 151
      vertex -33.1554 -7.25301 151
      vertex -30.5033 -5.92594 151
    endloop
  endfacet
  facet normal -0 0 -1
    outer loop
      vertex -30.5033 -5.92594 151
      vertex -33.1554 -7.25301 151
      vertex -32.1479 -5.85081 151
    endloop
  endfacet
  facet normal -0.755482 -0.526911 -0.389375
    outer loop
      vertex 0.0553602 -1.15839 85.2572
      vertex -30.5033 -5.92594 151
      vertex 0.0349954 -0.165048 83.9525
    endloop
  endfacet
  facet normal -0.755482 -0.52691 -0.389375
    outer loop
      vertex -30.5033 -5.92594 151
      vertex 0.0553602 -1.15839 85.2572
      vertex -29.46 -7.42182 151
    endloop
  endfacet
  facet normal -0.755476 -0.526912 -0.389384
    outer loop
      vertex 1.13313 12.1657 65.1359
      vertex -4.61028 41.6835 36.3359
      vertex -4.24315 41.6399 35.6826
    endloop
  endfacet
  facet normal -0.755487 -0.526904 -0.389374
    outer loop
      vertex 1.13313 12.1657 65.1359
      vertex -9.14039 44.5475 41.2499
      vertex -4.61028 41.6835 36.3359
    endloop
  endfacet
  facet normal -0.755485 -0.526905 -0.389376
    outer loop
      vertex -0.121853 7.4856 73.904
      vertex -9.14039 44.5475 41.2499
      vertex 1.13313 12.1657 65.1359
    endloop
  endfacet
  facet normal -0.755487 -0.526902 -0.389376
    outer loop
      vertex -30.5033 -5.92594 151
      vertex -0.121853 7.4856 73.904
      vertex 0.0349954 -0.165048 83.9525
    endloop
  endfacet
  facet normal -0.755485 -0.526905 -0.389376
    outer loop
      vertex -0.121853 7.4856 73.904
      vertex -30.5033 -5.92594 151
      vertex -9.14039 44.5475 41.2499
    endloop
  endfacet
  facet normal 0.460828 0.788405 -0.407498
    outer loop
      vertex -86.6162 -55.6479 0
      vertex -32.7671 -9.07666 151
      vertex -31.2755 -9.94851 151
    endloop
  endfacet
  facet normal 0.461234 0.788136 -0.40756
    outer loop
      vertex -32.7671 -9.07666 151
      vertex -86.6162 -55.6479 0
      vertex -86.7001 -55.5988 0
    endloop
  endfacet
  facet normal 0.460809 0.788419 -0.407492
    outer loop
      vertex -86.6162 -55.6479 0
      vertex -30.5004 -72.7556 30.3579
      vertex -51.8436 -72.7556 6.22215
    endloop
  endfacet
  facet normal 0.46081 0.788418 -0.407495
    outer loop
      vertex -30.5004 -72.7556 30.3579
      vertex -86.6162 -55.6479 0
      vertex -31.2755 -9.94851 151
    endloop
  endfacet
  facet normal 0.460809 0.788419 -0.407492
    outer loop
      vertex -86.6162 -55.6479 0
      vertex -51.8436 -72.7556 6.22215
      vertex -51.8436 -75.9715 0
    endloop
  endfacet
  facet normal -0.40523 0.809837 -0.424208
    outer loop
      vertex -8.58536 -50.1337 52.6099
      vertex -21.0608 -67.5691 31.2421
      vertex -25.8652 -69.3376 32.4554
    endloop
  endfacet
  facet normal -0.405225 0.809838 -0.424212
    outer loop
      vertex -8.58536 -50.1337 52.6099
      vertex 0 -59.8166 25.9238
      vertex -21.0608 -67.5691 31.2421
    endloop
  endfacet
  facet normal -0.405227 0.809836 -0.424213
    outer loop
      vertex 0 -59.8166 25.9238
      vertex -8.58536 -50.1337 52.6099
      vertex 16.0056 -60.8105 8.73716
    endloop
  endfacet
  facet normal -0.405241 0.80983 -0.42421
    outer loop
      vertex -31.2755 -9.94851 151
      vertex -14.6456 -39.2355 79.204
      vertex -16.4911 -39.2182 81
    endloop
  endfacet
  facet normal -0.405221 0.809841 -0.42421
    outer loop
      vertex -14.6456 -39.2355 79.204
      vertex -31.2755 -9.94851 151
      vertex 10.148 -47.1793 40.3551
    endloop
  endfacet
  facet normal -0.405235 0.809833 -0.42421
    outer loop
      vertex -21.3267 -41.6379 81
      vertex -31.2755 -9.94851 151
      vertex -16.4911 -39.2182 81
    endloop
  endfacet
  facet normal -0.405236 0.809835 -0.424205
    outer loop
      vertex -30.5004 -72.7556 30.3579
      vertex -20.0785 -43.0868 77.0417
      vertex -17.2476 -46.3728 68.0642
    endloop
  endfacet
  facet normal -0.405227 0.809837 -0.424211
    outer loop
      vertex -25.8652 -69.3376 32.4554
      vertex -17.2476 -46.3728 68.0642
      vertex -8.58536 -50.1337 52.6099
    endloop
  endfacet
  facet normal -0.405212 0.809841 -0.424218
    outer loop
      vertex -30.5004 -72.7556 30.3579
      vertex -17.2476 -46.3728 68.0642
      vertex -25.8652 -69.3376 32.4554
    endloop
  endfacet
  facet normal -0.405214 0.809842 -0.424214
    outer loop
      vertex -20.0785 -43.0868 77.0417
      vertex -30.5004 -72.7556 30.3579
      vertex -21.3267 -41.6379 81
    endloop
  endfacet
  facet normal -0.405222 0.809839 -0.424211
    outer loop
      vertex -21.3267 -41.6379 81
      vertex -30.5004 -72.7556 30.3579
      vertex -31.2755 -9.94851 151
    endloop
  endfacet
  facet normal -0.405222 0.809844 -0.424203
    outer loop
      vertex -30.5004 -72.7556 30.3579
      vertex -25.8652 -69.3376 32.4554
      vertex -22.2582 -72.7556 22.4845
    endloop
  endfacet
  facet normal -0.0410766 -0.904662 -0.424145
    outer loop
      vertex -63.1956 66.3542 0
      vertex -32.1479 -5.85081 151
      vertex -63.2881 66.3584 0
    endloop
  endfacet
  facet normal -0.041328 -0.904673 -0.424098
    outer loop
      vertex -32.1479 -5.85081 151
      vertex -63.1956 66.3542 0
      vertex -30.5033 -5.92594 151
    endloop
  endfacet
  facet normal -0.0413302 -0.904672 -0.424099
    outer loop
      vertex -30.5033 -5.92594 151
      vertex -16.6786 45.4391 40.0826
      vertex -9.14039 44.5475 41.2499
    endloop
  endfacet
  facet normal -0.0413022 -0.904675 -0.424096
    outer loop
      vertex -30.5033 -5.92594 151
      vertex -17.2004 45.5008 40.0018
      vertex -16.6786 45.4391 40.0826
    endloop
  endfacet
  facet normal -0.0413263 -0.904673 -0.424098
    outer loop
      vertex -63.1956 66.3542 0
      vertex -17.2004 45.5008 40.0018
      vertex -30.5033 -5.92594 151
    endloop
  endfacet
  facet normal -0.0413238 -0.904672 -0.424101
    outer loop
      vertex -17.2004 45.5008 40.0018
      vertex -63.1956 66.3542 0
      vertex -31.6644 55.5377 20.0009
    endloop
  endfacet
  facet normal -0.0415351 -0.904789 -0.423831
    outer loop
      vertex -31.6644 55.5377 20.0009
      vertex -63.1956 66.3542 0
      vertex -32.0199 55.7843 19.5093
    endloop
  endfacet
  facet normal -0.0412845 -0.904648 -0.424155
    outer loop
      vertex -32.0199 55.7843 19.5093
      vertex -63.1956 66.3542 0
      vertex -32.1282 56.0308 18.9941
    endloop
  endfacet
  facet normal -0.0413259 -0.904672 -0.4241
    outer loop
      vertex -32.1282 56.0308 18.9941
      vertex -63.1956 66.3542 0
      vertex -36.1206 65.1174 0
    endloop
  endfacet
  facet normal 0.74152 -0.53283 -0.407726
    outer loop
      vertex -63.2881 66.3584 0
      vertex -59.5224 52.1235 25.4512
      vertex -65.1328 63.7912 0
    endloop
  endfacet
  facet normal 0.741746 -0.532592 -0.407627
    outer loop
      vertex -63.2881 66.3584 0
      vertex -59.2806 51.6205 26.5484
      vertex -59.5224 52.1235 25.4512
    endloop
  endfacet
  facet normal 0.741564 -0.53278 -0.40771
    outer loop
      vertex -32.1479 -5.85081 151
      vertex -59.2 50.4815 28.1834
      vertex -59.2806 51.6205 26.5484
    endloop
  endfacet
  facet normal 0.741539 -0.532809 -0.407719
    outer loop
      vertex -32.1479 -5.85081 151
      vertex -58.5058 35.7969 48.636
      vertex -58.2157 36.574 48.1481
    endloop
  endfacet
  facet normal 0.741569 -0.532771 -0.407713
    outer loop
      vertex -32.1479 -5.85081 151
      vertex -60.5489 31.1292 51.0199
      vertex -60.0744 31.5949 51.2744
    endloop
  endfacet
  facet normal 0.741535 -0.532814 -0.40772
    outer loop
      vertex -32.1479 -5.85081 151
      vertex -72.6014 24.8874 37.2566
      vertex -63.5729 28.1616 49.3983
    endloop
  endfacet
  facet normal 0.741539 -0.532808 -0.40772
    outer loop
      vertex -72.6014 24.8874 37.2566
      vertex -32.1479 -5.85081 151
      vertex -73.6554 24.5052 35.8391
    endloop
  endfacet
  facet normal 0.741537 -0.532811 -0.40772
    outer loop
      vertex -73.6554 24.5052 35.8391
      vertex -32.1479 -5.85081 151
      vertex -101.322 13.4253 0
    endloop
  endfacet
  facet normal 0.741526 -0.532826 -0.407721
    outer loop
      vertex -60.5489 31.1292 51.0199
      vertex -32.1479 -5.85081 151
      vertex -63.5729 28.1616 49.3983
    endloop
  endfacet
  facet normal 0.741533 -0.532817 -0.40772
    outer loop
      vertex -58.5058 35.7969 48.636
      vertex -32.1479 -5.85081 151
      vertex -60.0744 31.5949 51.2744
    endloop
  endfacet
  facet normal 0.741536 -0.532813 -0.407719
    outer loop
      vertex -59.2 50.4815 28.1834
      vertex -32.1479 -5.85081 151
      vertex -58.2157 36.574 48.1481
    endloop
  endfacet
  facet normal 0.741525 -0.532825 -0.407723
    outer loop
      vertex -32.1479 -5.85081 151
      vertex -59.2806 51.6205 26.5484
      vertex -63.2881 66.3584 0
    endloop
  endfacet
  facet normal 0.741537 -0.532812 -0.407719
    outer loop
      vertex -74.2853 24.5327 34.6576
      vertex -101.322 13.4253 0
      vertex -92.7618 25.3389 0
    endloop
  endfacet
  facet normal 0.741556 -0.53276 -0.407751
    outer loop
      vertex -101.322 13.4253 0
      vertex -74.2853 24.5327 34.6576
      vertex -73.6554 24.5052 35.8391
    endloop
  endfacet
  facet normal -0.904497 0.173635 -0.389532
    outer loop
      vertex 11.4503 -17.9929 51.294
      vertex 1.83977 -10.1501 77.1057
      vertex 8.59472 -0.379969 65.7757
    endloop
  endfacet
  facet normal -0.904498 0.173633 -0.389532
    outer loop
      vertex 1.83977 -10.1501 77.1057
      vertex 11.4503 -17.9929 51.294
      vertex 5.48797 -29.5299 59.996
    endloop
  endfacet
  facet normal -0.904497 0.173636 -0.389533
    outer loop
      vertex -0.667204 -5.84683 84.8451
      vertex -29.46 -7.42182 151
      vertex 0.0553602 -1.15839 85.2572
    endloop
  endfacet
  facet normal -0.904497 0.173636 -0.389533
    outer loop
      vertex -2.23978 -16.0507 83.9482
      vertex -29.46 -7.42182 151
      vertex -0.667204 -5.84683 84.8451
    endloop
  endfacet
  facet normal -0.904498 0.173634 -0.389531
    outer loop
      vertex 5.48797 -29.5299 59.996
      vertex 11.4503 -17.9929 51.294
      vertex 13.6422 -21.4784 44.6507
    endloop
  endfacet
  facet normal -0.904497 0.173636 -0.389534
    outer loop
      vertex 1.83977 -10.1501 77.1057
      vertex 5.48797 -29.5299 59.996
      vertex -2.23978 -16.0507 83.9482
    endloop
  endfacet
  facet normal -0.904497 0.173633 -0.389533
    outer loop
      vertex -2.23978 -16.0507 83.9482
      vertex 5.48797 -29.5299 59.996
      vertex -29.46 -7.42182 151
    endloop
  endfacet
  facet normal -0.904497 0.173635 -0.389533
    outer loop
      vertex 12.003 -47.6565 36.7881
      vertex 8.77072 -30.0901 52.1237
      vertex 20.2945 -32.0564 24.489
    endloop
  endfacet
  facet normal -0.904497 0.173635 -0.389534
    outer loop
      vertex 12.003 -47.6565 36.7881
      vertex 20.2945 -32.0564 24.489
      vertex 27.9174 -44.178 1.38541
    endloop
  endfacet
  facet normal -0.904498 0.173633 -0.389532
    outer loop
      vertex 8.77072 -30.0901 52.1237
      vertex 12.003 -47.6565 36.7881
      vertex 5.48797 -29.5299 59.996
    endloop
  endfacet
  facet normal -0.90446 0.173663 -0.389607
    outer loop
      vertex 27.3375 -50.3063 0
      vertex 27.9174 -44.178 1.38541
      vertex 27.8574 -47.5986 0
    endloop
  endfacet
  facet normal -0.904497 0.173636 -0.389533
    outer loop
      vertex 5.48797 -29.5299 59.996
      vertex 12.003 -47.6565 36.7881
      vertex -29.46 -7.42182 151
    endloop
  endfacet
  facet normal -0.904495 0.17365 -0.389531
    outer loop
      vertex 27.9174 -44.178 1.38541
      vertex 27.3375 -50.3063 0
      vertex 12.003 -47.6565 36.7881
    endloop
  endfacet
  facet normal 0.903679 0.193771 -0.381859
    outer loop
      vertex -33.1554 -7.25301 151
      vertex -101.357 13.2438 0
      vertex -101.379 13.3464 0
    endloop
  endfacet
  facet normal 0.903853 0.192452 -0.382116
    outer loop
      vertex -101.357 13.2438 0
      vertex -33.1554 -7.25301 151
      vertex -32.7671 -9.07666 151
    endloop
  endfacet
  facet normal 0.903855 0.192435 -0.38212
    outer loop
      vertex -32.7671 -9.07666 151
      vertex -86.7001 -55.5988 0
      vertex -101.357 13.2438 0
    endloop
  endfacet
  facet normal 0.740279 -0.534802 -0.407398
    outer loop
      vertex -32.1479 -5.85081 151
      vertex -101.379 13.3464 0
      vertex -101.322 13.4253 0
    endloop
  endfacet
  facet normal 0.741539 -0.532806 -0.407722
    outer loop
      vertex -101.379 13.3464 0
      vertex -32.1479 -5.85081 151
      vertex -33.1554 -7.25301 151
    endloop
  endfacet
  facet normal -0.405214 0.809845 -0.424209
    outer loop
      vertex -29.8036 -9.21203 151
      vertex 10.148 -47.1793 40.3551
      vertex -31.2755 -9.94851 151
    endloop
  endfacet
  facet normal -0.405241 0.809829 -0.424213
    outer loop
      vertex 10.148 -47.1793 40.3551
      vertex -29.8036 -9.21203 151
      vertex 11.2093 -47.5193 38.6922
    endloop
  endfacet
  facet normal -0.904506 0.173604 -0.389525
    outer loop
      vertex -29.46 -7.42182 151
      vertex 11.2093 -47.5193 38.6922
      vertex -29.8036 -9.21203 151
    endloop
  endfacet
  facet normal -0.904491 0.173657 -0.389538
    outer loop
      vertex 11.2093 -47.5193 38.6922
      vertex -29.46 -7.42182 151
      vertex 12.003 -47.6565 36.7881
    endloop
  endfacet
  facet normal -0.892555 -0.111461 -0.436946
    outer loop
      vertex 93.6783 -4.50449 0
      vertex 32.9764 15.0822 119
      vertex 32.7831 16.6301 119
    endloop
  endfacet
  facet normal -0.892553 -0.111528 -0.436934
    outer loop
      vertex 32.9764 15.0822 119
      vertex 93.6783 -4.50449 0
      vertex 93.6919 -4.61333 0
    endloop
  endfacet
  facet normal -0.892555 -0.111448 -0.436949
    outer loop
      vertex 86.4908 53.0584 0
      vertex 93.6783 -4.50449 0
      vertex 32.7831 16.6301 119
    endloop
  endfacet
  facet normal -0.656301 0.615282 -0.436689
    outer loop
      vertex 53.5658 -18.9802 40.063
      vertex 45.0188 -13.5845 60.5107
      vertex 74.1828 -11.4341 19.7099
    endloop
  endfacet
  facet normal -0.6563 0.615283 -0.436689
    outer loop
      vertex 46.9774 -26.2643 39.7016
      vertex 45.0188 -13.5845 60.5107
      vertex 53.5658 -18.9802 40.063
    endloop
  endfacet
  facet normal -0.656315 0.615271 -0.436683
    outer loop
      vertex 45.0188 -13.5845 60.5107
      vertex 46.9774 -26.2643 39.7016
      vertex 43.0336 -14.618 62.0382
    endloop
  endfacet
  facet normal -0.656255 0.615389 -0.436607
    outer loop
      vertex 93.6919 -4.61333 0
      vertex 74.8617 -11.3334 18.8315
      vertex 74.578 -11.2895 19.3198
    endloop
  endfacet
  facet normal -0.6563 0.615284 -0.436689
    outer loop
      vertex 74.8617 -11.3334 18.8315
      vertex 93.6919 -4.61333 0
      vertex 85.8018 -13.0294 0
    endloop
  endfacet
  facet normal -0.656301 0.615282 -0.436689
    outer loop
      vertex 74.578 -11.2895 19.3198
      vertex 32.9764 15.0822 119
      vertex 93.6919 -4.61333 0
    endloop
  endfacet
  facet normal -0.65615 0.615528 -0.436568
    outer loop
      vertex 45.0188 -13.5845 60.5107
      vertex 74.578 -11.2895 19.3198
      vertex 74.1828 -11.4341 19.7099
    endloop
  endfacet
  facet normal -0.656299 0.615285 -0.436688
    outer loop
      vertex 74.578 -11.2895 19.3198
      vertex 45.0188 -13.5845 60.5107
      vertex 32.9764 15.0822 119
    endloop
  endfacet
  facet normal -0.656296 0.615287 -0.436689
    outer loop
      vertex 32.9764 15.0822 119
      vertex 45.0188 -13.5845 60.5107
      vertex 42.9257 -14.2992 62.6494
    endloop
  endfacet
  facet normal 0.755294 0.484931 -0.440878
    outer loop
      vertex 30.384 14.0711 119
      vertex 10.0286 12.5144 82.4157
      vertex 29.5505 15.3693 119
    endloop
  endfacet
  facet normal 0.755297 0.484924 -0.440879
    outer loop
      vertex 10.0286 12.5144 82.4157
      vertex 30.384 14.0711 119
      vertex 10.0235 11.5118 81.3042
    endloop
  endfacet
  facet normal -0.463624 -0.766769 -0.443979
    outer loop
      vertex 37.7312 82.5423 0
      vertex 32.7831 16.6301 119
      vertex 31.4744 17.4214 119
    endloop
  endfacet
  facet normal -0.463446 -0.766854 -0.444019
    outer loop
      vertex 32.7831 16.6301 119
      vertex 37.7312 82.5423 0
      vertex 37.8232 82.4867 0
    endloop
  endfacet
  facet normal -0.463644 -0.76676 -0.443975
    outer loop
      vertex 37.8232 82.4867 0
      vertex 86.4908 53.0584 0
      vertex 32.7831 16.6301 119
    endloop
  endfacet
  facet normal 0.326201 -0.836371 -0.440541
    outer loop
      vertex 37.7312 82.5423 0
      vertex 14.0004 33.79 74.985
      vertex 29.8857 79.4824 0
    endloop
  endfacet
  facet normal 0.326206 -0.83637 -0.440539
    outer loop
      vertex 14.0004 33.79 74.985
      vertex 37.7312 82.5423 0
      vertex 31.4744 17.4214 119
    endloop
  endfacet
  facet normal 0.326212 -0.836368 -0.440539
    outer loop
      vertex 5.80325 50.3502 37.4754
      vertex 13.9643 33.8238 74.8941
      vertex -0.0220127 46.9253 39.6641
    endloop
  endfacet
  facet normal 0.326191 -0.836377 -0.440538
    outer loop
      vertex 6.2632 50.6206 37.3026
      vertex 13.9643 33.8238 74.8941
      vertex 5.80325 50.3502 37.4754
    endloop
  endfacet
  facet normal 0.326198 -0.836367 -0.44055
    outer loop
      vertex 22.4262 62.4926 26.7317
      vertex 6.2632 50.6206 37.3026
      vertex 6.49215 50.9828 36.7845
    endloop
  endfacet
  facet normal 0.326208 -0.83637 -0.440538
    outer loop
      vertex 6.2632 50.6206 37.3026
      vertex 22.4262 62.4926 26.7317
      vertex 13.9643 33.8238 74.8941
    endloop
  endfacet
  facet normal 0.326206 -0.83637 -0.44054
    outer loop
      vertex 18.0268 69.2304 10.6823
      vertex 22.4262 62.4926 26.7317
      vertex 6.49215 50.9828 36.7845
    endloop
  endfacet
  facet normal 0.326125 -0.836368 -0.440603
    outer loop
      vertex 27.1228 78.4047 0
      vertex 18.0268 69.2304 10.6823
      vertex 18.0262 69.4195 10.3229
    endloop
  endfacet
  facet normal 0.326206 -0.836372 -0.440536
    outer loop
      vertex 27.1228 78.4047 0
      vertex 18.0262 69.4195 10.3229
      vertex 18.008 74.8497 0
    endloop
  endfacet
  facet normal 0.326203 -0.836371 -0.44054
    outer loop
      vertex 18.0268 69.2304 10.6823
      vertex 27.1228 78.4047 0
      vertex 22.4262 62.4926 26.7317
    endloop
  endfacet
  facet normal 0.856169 -0.278645 -0.435123
    outer loop
      vertex 9.25349 25.5473 72.5447
      vertex -0.499733 46.6445 39.8435
      vertex 13.6635 32.8146 76.5682
    endloop
  endfacet
  facet normal 0.857491 -0.275573 -0.434476
    outer loop
      vertex 30.0357 16.8603 119
      vertex 13.6635 32.8146 76.5682
      vertex -0.499733 46.6445 39.8435
    endloop
  endfacet
  facet normal 0.856169 -0.278646 -0.435121
    outer loop
      vertex 30.0357 16.8603 119
      vertex 10.8164 16.9145 81.1483
      vertex 13.6635 32.8146 76.5682
    endloop
  endfacet
  facet normal 0.856171 -0.27864 -0.435122
    outer loop
      vertex 10.8164 16.9145 81.1483
      vertex 30.0357 16.8603 119
      vertex 10.2144 13.5525 82.1167
    endloop
  endfacet
  facet normal 0.85617 -0.278644 -0.435122
    outer loop
      vertex -0.499733 46.6445 39.8435
      vertex 9.25349 25.5473 72.5447
      vertex -4.24315 41.6399 35.6826
    endloop
  endfacet
  facet normal 0.85617 -0.278642 -0.435122
    outer loop
      vertex -4.24315 41.6399 35.6826
      vertex 9.25349 25.5473 72.5447
      vertex 1.13313 12.1657 65.1359
    endloop
  endfacet
  facet normal 0.0748347 0.892984 -0.443824
    outer loop
      vertex 33.6838 -15.6176 59.822
      vertex 30.384 14.0711 119
      vertex 41.3924 -14.6508 63.067
    endloop
  endfacet
  facet normal 0.0748388 0.892984 -0.443823
    outer loop
      vertex 23.5716 -16.8859 55.565
      vertex 30.384 14.0711 119
      vertex 33.6838 -15.6176 59.822
    endloop
  endfacet
  facet normal 0.0748297 0.892985 -0.443823
    outer loop
      vertex 23.5716 -16.8859 55.565
      vertex 11.4503 -17.9929 51.294
      vertex 30.384 14.0711 119
    endloop
  endfacet
  facet normal 0.0748322 0.892981 -0.443829
    outer loop
      vertex 16.2252 -20.2838 47.4898
      vertex 11.4503 -17.9929 51.294
      vertex 23.5716 -16.8859 55.565
    endloop
  endfacet
  facet normal 0.0748369 0.892983 -0.443824
    outer loop
      vertex 11.4503 -17.9929 51.294
      vertex 16.2252 -20.2838 47.4898
      vertex 13.6422 -21.4784 44.6507
    endloop
  endfacet
  facet normal 0.0748354 0.892985 -0.443822
    outer loop
      vertex 46.0947 -26.9196 39.1747
      vertex 34.4331 -23.3773 44.3356
      vertex 41.7563 -15.6004 61.2178
    endloop
  endfacet
  facet normal 0.0748336 0.892983 -0.443825
    outer loop
      vertex 39.3481 -29.8777 32.0854
      vertex 34.4331 -23.3773 44.3356
      vertex 46.0947 -26.9196 39.1747
    endloop
  endfacet
  facet normal 0.0748539 0.892985 -0.443818
    outer loop
      vertex 38.7847 -30.1247 31.4934
      vertex 34.4331 -23.3773 44.3356
      vertex 39.3481 -29.8777 32.0854
    endloop
  endfacet
  facet normal 0.074832 0.892984 -0.443824
    outer loop
      vertex 38.7847 -30.1247 31.4934
      vertex 28.6737 -29.4935 31.0586
      vertex 34.4331 -23.3773 44.3356
    endloop
  endfacet
  facet normal 0.074832 0.892985 -0.443823
    outer loop
      vertex 27.9174 -44.178 1.38541
      vertex 28.6737 -29.4935 31.0586
      vertex 38.7847 -30.1247 31.4934
    endloop
  endfacet
  facet normal 0.0748409 0.892984 -0.443822
    outer loop
      vertex 28.6737 -29.4935 31.0586
      vertex 27.9174 -44.178 1.38541
      vertex 20.2945 -32.0564 24.489
    endloop
  endfacet
  facet normal 0.755282 0.484954 -0.440873
    outer loop
      vertex 30.384 14.0711 119
      vertex 9.98683 4.20645 73.2056
      vertex 10.0235 11.5118 81.3042
    endloop
  endfacet
  facet normal 0.755284 0.48495 -0.440873
    outer loop
      vertex 11.4503 -17.9929 51.294
      vertex 9.98683 4.20645 73.2056
      vertex 30.384 14.0711 119
    endloop
  endfacet
  facet normal 0.755289 0.484946 -0.440869
    outer loop
      vertex 9.98683 4.20645 73.2056
      vertex 11.4503 -17.9929 51.294
      vertex 8.59472 -0.379969 65.7757
    endloop
  endfacet
  facet normal 0.0748497 0.892984 -0.443821
    outer loop
      vertex 42.1888 -14.5509 63.4023
      vertex 30.384 14.0711 119
      vertex 31.9087 13.9433 119
    endloop
  endfacet
  facet normal 0.0748424 0.892984 -0.443822
    outer loop
      vertex 30.384 14.0711 119
      vertex 42.1888 -14.5509 63.4023
      vertex 41.3924 -14.6508 63.067
    endloop
  endfacet
  facet normal 0.0747895 0.892984 -0.443831
    outer loop
      vertex 46.5752 -26.7089 39.6796
      vertex 41.7563 -15.6004 61.2178
      vertex 42.3428 -14.9776 62.5697
    endloop
  endfacet
  facet normal 0.0747928 0.892984 -0.44383
    outer loop
      vertex 41.7563 -15.6004 61.2178
      vertex 46.5752 -26.7089 39.6796
      vertex 46.0947 -26.9196 39.1747
    endloop
  endfacet
  facet normal -0.656319 0.615267 -0.436683
    outer loop
      vertex 42.1888 -14.5509 63.4023
      vertex 32.9764 15.0822 119
      vertex 42.9257 -14.2992 62.6494
    endloop
  endfacet
  facet normal -0.656307 0.615277 -0.436686
    outer loop
      vertex 32.9764 15.0822 119
      vertex 42.1888 -14.5509 63.4023
      vertex 31.9087 13.9433 119
    endloop
  endfacet
  facet normal -0.656286 0.615297 -0.436691
    outer loop
      vertex 46.9774 -26.2643 39.7016
      vertex 42.3428 -14.9776 62.5697
      vertex 43.0336 -14.618 62.0382
    endloop
  endfacet
  facet normal -0.65628 0.615302 -0.436692
    outer loop
      vertex 42.3428 -14.9776 62.5697
      vertex 46.9774 -26.2643 39.7016
      vertex 46.5752 -26.7089 39.6796
    endloop
  endfacet
  facet normal 0 0 -1
    outer loop
      vertex 29.5505 15.3693 119
      vertex 32.9764 15.0822 119
      vertex 31.9087 13.9433 119
    endloop
  endfacet
  facet normal 0 0 -1
    outer loop
      vertex 32.9764 15.0822 119
      vertex 30.0357 16.8603 119
      vertex 32.7831 16.6301 119
    endloop
  endfacet
  facet normal 0 0 -1
    outer loop
      vertex 29.5505 15.3693 119
      vertex 31.9087 13.9433 119
      vertex 30.384 14.0711 119
    endloop
  endfacet
  facet normal 0 0 -1
    outer loop
      vertex 32.7831 16.6301 119
      vertex 30.0357 16.8603 119
      vertex 31.4744 17.4214 119
    endloop
  endfacet
  facet normal 0 0 -1
    outer loop
      vertex 32.9764 15.0822 119
      vertex 29.5505 15.3693 119
      vertex 30.0357 16.8603 119
    endloop
  endfacet
  facet normal 0.856177 -0.278616 -0.435126
    outer loop
      vertex 10.0286 12.5144 82.4157
      vertex 30.0357 16.8603 119
      vertex 29.5505 15.3693 119
    endloop
  endfacet
  facet normal 0.856186 -0.278572 -0.435136
    outer loop
      vertex 30.0357 16.8603 119
      vertex 10.0286 12.5144 82.4157
      vertex 10.2144 13.5525 82.1167
    endloop
  endfacet
  facet normal 0.326191 -0.836377 -0.440536
    outer loop
      vertex 30.0357 16.8603 119
      vertex 13.6953 32.9125 76.4251
      vertex 31.4744 17.4214 119
    endloop
  endfacet
  facet normal 0.326711 -0.83612 -0.440639
    outer loop
      vertex -0.499733 46.6445 39.8435
      vertex 13.6953 32.9125 76.4251
      vertex 30.0357 16.8603 119
    endloop
  endfacet
  facet normal 0.32618 -0.836384 -0.440532
    outer loop
      vertex -0.499733 46.6445 39.8435
      vertex 13.9643 33.8238 74.8941
      vertex 13.6953 32.9125 76.4251
    endloop
  endfacet
  facet normal 0.326184 -0.836382 -0.440533
    outer loop
      vertex 13.9643 33.8238 74.8941
      vertex -0.499733 46.6445 39.8435
      vertex -0.0220127 46.9253 39.6641
    endloop
  endfacet
  facet normal 0.326176 -0.836385 -0.440533
    outer loop
      vertex 31.4744 17.4214 119
      vertex 13.6953 32.9125 76.4251
      vertex 14.0004 33.79 74.985
    endloop
  endfacet
  facet normal -0.762985 -0.509883 -0.397333
    outer loop
      vertex 97.9523 -31.2113 0
      vertex 74.8617 -11.3334 18.8315
      vertex 85.8018 -13.0294 0
    endloop
  endfacet
  facet normal -0.762985 -0.509882 -0.397334
    outer loop
      vertex 74.8617 -11.3334 18.8315
      vertex 97.9523 -31.2113 0
      vertex 61.6859 -36.946 77
    endloop
  endfacet
  facet normal 0.907447 0.14396 -0.394734
    outer loop
      vertex 33.8685 -56.1141 10.7133
      vertex 38.7847 -30.1247 31.4934
      vertex 59.6368 -36.7874 77
    endloop
  endfacet
  facet normal 0.907448 0.143958 -0.394732
    outer loop
      vertex 38.7847 -30.1247 31.4934
      vertex 33.8685 -56.1141 10.7133
      vertex 27.9174 -44.178 1.38541
    endloop
  endfacet
  facet normal 0.907448 0.143957 -0.394733
    outer loop
      vertex 27.9174 -44.178 1.38541
      vertex 33.8685 -56.1141 10.7133
      vertex 27.8574 -47.5986 0
    endloop
  endfacet
  facet normal 0.907448 0.143954 -0.394735
    outer loop
      vertex 27.8574 -47.5986 0
      vertex 33.8685 -56.1141 10.7133
      vertex 28.3865 -50.9339 0
    endloop
  endfacet
  facet normal -0.347818 0.843747 -0.408795
    outer loop
      vertex 58.4629 -76.3856 0
      vertex 60.584 -38.2047 77
      vertex 61.4294 -37.8562 77
    endloop
  endfacet
  facet normal -0.347966 0.843699 -0.408768
    outer loop
      vertex 60.584 -38.2047 77
      vertex 58.4629 -76.3856 0
      vertex 58.3744 -76.4221 0
    endloop
  endfacet
  facet normal 0.907442 0.14398 -0.394739
    outer loop
      vertex 34.013 -56.2507 10.9958
      vertex 59.6368 -36.7874 77
      vertex 59.7862 -37.729 77
    endloop
  endfacet
  facet normal 0.907502 0.143734 -0.39469
    outer loop
      vertex 59.6368 -36.7874 77
      vertex 34.013 -56.2507 10.9958
      vertex 33.8685 -56.1141 10.7133
    endloop
  endfacet
  facet normal 0.688384 -0.602644 -0.403666
    outer loop
      vertex 59.6368 -36.7874 77
      vertex 39.3481 -29.8777 32.0854
      vertex 60.2483 -36.0889 77
    endloop
  endfacet
  facet normal 0.688368 -0.602666 -0.403662
    outer loop
      vertex 39.3481 -29.8777 32.0854
      vertex 59.6368 -36.7874 77
      vertex 38.7847 -30.1247 31.4934
    endloop
  endfacet
  facet normal -0.883233 0.248845 -0.397463
    outer loop
      vertex 97.9523 -31.2113 0
      vertex 88.7678 -63.8101 0
      vertex 61.6859 -36.946 77
    endloop
  endfacet
  facet normal -0.0704444 -0.909935 -0.408725
    outer loop
      vertex 74.1828 -11.4341 19.7099
      vertex 60.2483 -36.0889 77
      vertex 53.5658 -18.9802 40.063
    endloop
  endfacet
  facet normal 0.688401 -0.602623 -0.403671
    outer loop
      vertex 46.0947 -26.9196 39.1747
      vertex 60.2483 -36.0889 77
      vertex 39.3481 -29.8777 32.0854
    endloop
  endfacet
  facet normal 0.688415 -0.602606 -0.403672
    outer loop
      vertex 46.5752 -26.7089 39.6796
      vertex 60.2483 -36.0889 77
      vertex 46.0947 -26.9196 39.1747
    endloop
  endfacet
  facet normal 0.688328 -0.60271 -0.403666
    outer loop
      vertex 46.9774 -26.2643 39.7016
      vertex 60.2483 -36.0889 77
      vertex 46.5752 -26.7089 39.6796
    endloop
  endfacet
  facet normal 0.688401 -0.602624 -0.40367
    outer loop
      vertex 60.2483 -36.0889 77
      vertex 46.9774 -26.2643 39.7016
      vertex 53.5658 -18.9802 40.063
    endloop
  endfacet
  facet normal 0.468586 0.785884 -0.403502
    outer loop
      vertex 59.7862 -37.729 77
      vertex 47.5041 -64.3154 10.9557
      vertex 34.013 -56.2507 10.9958
    endloop
  endfacet
  facet normal 0.468591 0.785881 -0.403502
    outer loop
      vertex 59.7862 -37.729 77
      vertex 50.178 -65.9138 10.9478
      vertex 47.5041 -64.3154 10.9557
    endloop
  endfacet
  facet normal 0.46859 0.785881 -0.403502
    outer loop
      vertex 58.291 -76.3723 0
      vertex 50.178 -65.9138 10.9478
      vertex 59.7862 -37.729 77
    endloop
  endfacet
  facet normal 0.468585 0.785882 -0.403507
    outer loop
      vertex 58.291 -76.3723 0
      vertex 48.3912 -69.3376 2.20453
      vertex 50.178 -65.9138 10.9478
    endloop
  endfacet
  facet normal 0.46859 0.785885 -0.403495
    outer loop
      vertex 48.3912 -69.3376 2.20453
      vertex 58.291 -76.3723 0
      vertex 47.7033 -70.0593 0
    endloop
  endfacet
  facet normal 0.46862 0.785861 -0.403506
    outer loop
      vertex 47.2063 -68.8652 1.74846
      vertex 50.178 -65.9138 10.9478
      vertex 48.3912 -69.3376 2.20453
    endloop
  endfacet
  facet normal 0.468589 0.785881 -0.403503
    outer loop
      vertex 42.6636 -67.0543 0
      vertex 50.178 -65.9138 10.9478
      vertex 47.2063 -68.8652 1.74846
    endloop
  endfacet
  facet normal 0.468573 0.785896 -0.403493
    outer loop
      vertex 50.178 -65.9138 10.9478
      vertex 42.6636 -67.0543 0
      vertex 41.1739 -66.1661 0
    endloop
  endfacet
  facet normal -0.76287 -0.510024 -0.397371
    outer loop
      vertex 61.6859 -36.946 77
      vertex 74.578 -11.2895 19.3198
      vertex 74.8617 -11.3334 18.8315
    endloop
  endfacet
  facet normal -0.762933 -0.509947 -0.397351
    outer loop
      vertex 74.578 -11.2895 19.3198
      vertex 61.6859 -36.946 77
      vertex 61.1602 -36.1595 77
    endloop
  endfacet
  facet normal 0 0 -1
    outer loop
      vertex 59.7862 -37.729 77
      vertex 61.6859 -36.946 77
      vertex 61.4294 -37.8562 77
    endloop
  endfacet
  facet normal 0 0 -1
    outer loop
      vertex 59.7862 -37.729 77
      vertex 61.4294 -37.8562 77
      vertex 60.584 -38.2047 77
    endloop
  endfacet
  facet normal 0 0 -1
    outer loop
      vertex 59.6368 -36.7874 77
      vertex 61.6859 -36.946 77
      vertex 59.7862 -37.729 77
    endloop
  endfacet
  facet normal 0 0 -1
    outer loop
      vertex 61.6859 -36.946 77
      vertex 59.6368 -36.7874 77
      vertex 61.1602 -36.1595 77
    endloop
  endfacet
  facet normal -0 0 -1
    outer loop
      vertex 61.1602 -36.1595 77
      vertex 59.6368 -36.7874 77
      vertex 60.2483 -36.0889 77
    endloop
  endfacet
  facet normal -0.0704478 -0.909935 -0.408725
    outer loop
      vertex 74.1828 -11.4341 19.7099
      vertex 61.1602 -36.1595 77
      vertex 60.2483 -36.0889 77
    endloop
  endfacet
  facet normal -0.0705323 -0.909922 -0.408739
    outer loop
      vertex 61.1602 -36.1595 77
      vertex 74.1828 -11.4341 19.7099
      vertex 74.578 -11.2895 19.3198
    endloop
  endfacet
  facet normal -0.347788 0.843756 -0.408801
    outer loop
      vertex 61.4294 -37.8562 77
      vertex 88.7409 -63.9053 0
      vertex 58.4629 -76.3856 0
    endloop
  endfacet
  facet normal -0.883214 0.248895 -0.397473
    outer loop
      vertex 88.7678 -63.8101 0
      vertex 61.4294 -37.8562 77
      vertex 61.6859 -36.946 77
    endloop
  endfacet
  facet normal -0.882987 0.2495 -0.397597
    outer loop
      vertex 61.4294 -37.8562 77
      vertex 88.7678 -63.8101 0
      vertex 88.7409 -63.9053 0
    endloop
  endfacet
  facet normal 0.468592 0.78588 -0.403502
    outer loop
      vertex 58.3744 -76.4221 0
      vertex 59.7862 -37.729 77
      vertex 60.584 -38.2047 77
    endloop
  endfacet
  facet normal 0.469116 0.785628 -0.403385
    outer loop
      vertex 59.7862 -37.729 77
      vertex 58.3744 -76.4221 0
      vertex 58.291 -76.3723 0
    endloop
  endfacet
  facet normal -0.895987 0.0580277 -0.440272
    outer loop
      vertex -58.5058 35.7969 48.636
      vertex -60.0744 31.5949 51.2744
      vertex -63.734 33.7044 59
    endloop
  endfacet
  facet normal 0.122703 -0.891638 -0.435804
    outer loop
      vertex -83.4618 61.2688 0
      vertex -59.5224 52.1235 25.4512
      vertex -65.1026 34.958 59
    endloop
  endfacet
  facet normal 0.122705 -0.891637 -0.435806
    outer loop
      vertex -59.5224 52.1235 25.4512
      vertex -83.4618 61.2688 0
      vertex -65.1328 63.7912 0
    endloop
  endfacet
  facet normal -0.60887 -0.664674 -0.432996
    outer loop
      vertex -59.2 50.4815 28.1834
      vertex -58.2157 36.574 48.1481
      vertex -63.6818 34.5118 59
    endloop
  endfacet
  facet normal 0.122685 -0.891639 -0.435808
    outer loop
      vertex -65.1026 34.958 59
      vertex -59.2806 51.6205 26.5484
      vertex -64.2908 35.0697 59
    endloop
  endfacet
  facet normal 0.122705 -0.891638 -0.435804
    outer loop
      vertex -59.2806 51.6205 26.5484
      vertex -65.1026 34.958 59
      vertex -59.5224 52.1235 25.4512
    endloop
  endfacet
  facet normal 0.833197 0.33976 -0.436287
    outer loop
      vertex -74.2853 24.5327 34.6576
      vertex -97.5084 36.979 0
      vertex -65.5058 34.2608 59
    endloop
  endfacet
  facet normal 0.833197 0.339761 -0.436286
    outer loop
      vertex -97.5084 36.979 0
      vertex -74.2853 24.5327 34.6576
      vertex -92.7618 25.3389 0
    endloop
  endfacet
  facet normal 0 0 -1
    outer loop
      vertex -64.4083 33.2555 59
      vertex -63.6818 34.5118 59
      vertex -63.734 33.7044 59
    endloop
  endfacet
  facet normal -0 0 -1
    outer loop
      vertex -63.6818 34.5118 59
      vertex -64.4083 33.2555 59
      vertex -64.2908 35.0697 59
    endloop
  endfacet
  facet normal 0 0 -1
    outer loop
      vertex -65.1968 33.5031 59
      vertex -64.2908 35.0697 59
      vertex -64.4083 33.2555 59
    endloop
  endfacet
  facet normal 0 0 -1
    outer loop
      vertex -64.2908 35.0697 59
      vertex -65.1968 33.5031 59
      vertex -65.1026 34.958 59
    endloop
  endfacet
  facet normal 0 0 -1
    outer loop
      vertex -65.1026 34.958 59
      vertex -65.1968 33.5031 59
      vertex -65.5058 34.2608 59
    endloop
  endfacet
  facet normal -0.497702 0.747527 -0.439881
    outer loop
      vertex -60.5489 31.1292 51.0199
      vertex -63.5729 28.1616 49.3983
      vertex -64.4083 33.2555 59
    endloop
  endfacet
  facet normal -0.49772 0.747515 -0.439881
    outer loop
      vertex -60.5489 31.1292 51.0199
      vertex -63.734 33.7044 59
      vertex -60.0744 31.5949 51.2744
    endloop
  endfacet
  facet normal -0.497668 0.747555 -0.439872
    outer loop
      vertex -63.734 33.7044 59
      vertex -60.5489 31.1292 51.0199
      vertex -64.4083 33.2555 59
    endloop
  endfacet
  facet normal 0.270081 0.860091 -0.432781
    outer loop
      vertex -72.6014 24.8874 37.2566
      vertex -65.1968 33.5031 59
      vertex -64.4083 33.2555 59
    endloop
  endfacet
  facet normal 0.270197 0.860044 -0.432802
    outer loop
      vertex -65.1968 33.5031 59
      vertex -72.6014 24.8874 37.2566
      vertex -73.6554 24.5052 35.8391
    endloop
  endfacet
  facet normal 0.270113 0.860078 -0.432788
    outer loop
      vertex -64.4083 33.2555 59
      vertex -63.5729 28.1616 49.3983
      vertex -72.6014 24.8874 37.2566
    endloop
  endfacet
  facet normal -0.895984 0.0580556 -0.440275
    outer loop
      vertex -58.5058 35.7969 48.636
      vertex -63.6818 34.5118 59
      vertex -58.2157 36.574 48.1481
    endloop
  endfacet
  facet normal -0.895985 0.0579272 -0.440291
    outer loop
      vertex -63.6818 34.5118 59
      vertex -58.5058 35.7969 48.636
      vertex -63.734 33.7044 59
    endloop
  endfacet
  facet normal 0.776215 -0.449565 -0.442019
    outer loop
      vertex -65.1026 34.958 59
      vertex -83.5152 61.1766 0
      vertex -83.4618 61.2688 0
    endloop
  endfacet
  facet normal 0.776551 -0.44909 -0.441912
    outer loop
      vertex -83.5152 61.1766 0
      vertex -65.1026 34.958 59
      vertex -65.5058 34.2608 59
    endloop
  endfacet
  facet normal 0.776561 -0.449076 -0.441909
    outer loop
      vertex -83.5152 61.1766 0
      vertex -65.5058 34.2608 59
      vertex -97.5084 36.979 0
    endloop
  endfacet
  facet normal -0.608889 -0.664659 -0.432992
    outer loop
      vertex -64.2908 35.0697 59
      vertex -59.2 50.4815 28.1834
      vertex -63.6818 34.5118 59
    endloop
  endfacet
  facet normal -0.608938 -0.664622 -0.432981
    outer loop
      vertex -59.2 50.4815 28.1834
      vertex -64.2908 35.0697 59
      vertex -59.2806 51.6205 26.5484
    endloop
  endfacet
  facet normal 0.833185 0.339784 -0.436292
    outer loop
      vertex -73.6554 24.5052 35.8391
      vertex -65.5058 34.2608 59
      vertex -65.1968 33.5031 59
    endloop
  endfacet
  facet normal 0.833185 0.339784 -0.436292
    outer loop
      vertex -65.5058 34.2608 59
      vertex -73.6554 24.5052 35.8391
      vertex -74.2853 24.5327 34.6576
    endloop
  endfacet
  facet normal -0.546668 -0.741481 -0.389051
    outer loop
      vertex -7.59272 57.5198 69
      vertex 18.0268 69.2304 10.6823
      vertex -6.96825 57.0594 69
    endloop
  endfacet
  facet normal -0.546902 -0.741276 -0.389113
    outer loop
      vertex 18.0268 69.2304 10.6823
      vertex -7.59272 57.5198 69
      vertex 18.0262 69.4195 10.3229
    endloop
  endfacet
  facet normal -0.546714 -0.74144 -0.389064
    outer loop
      vertex 0.436428 87.8065 0
      vertex 18.0262 69.4195 10.3229
      vertex -7.59272 57.5198 69
    endloop
  endfacet
  facet normal -0.546718 -0.74144 -0.389059
    outer loop
      vertex 18.0262 69.4195 10.3229
      vertex 0.436428 87.8065 0
      vertex 18.008 74.8497 0
    endloop
  endfacet
  facet normal 0.166192 0.91091 -0.377654
    outer loop
      vertex -16.6786 45.4391 40.0826
      vertex -8.43032 55.9231 69
      vertex -7.63995 55.7789 69
    endloop
  endfacet
  facet normal 0.166189 0.910911 -0.377654
    outer loop
      vertex -8.43032 55.9231 69
      vertex -16.6786 45.4391 40.0826
      vertex -17.2004 45.5008 40.0018
    endloop
  endfacet
  facet normal 0.166221 0.910902 -0.37766
    outer loop
      vertex -7.63995 55.7789 69
      vertex -4.61028 41.6835 36.3359
      vertex -9.14039 44.5475 41.2499
    endloop
  endfacet
  facet normal 0.16622 0.910903 -0.37766
    outer loop
      vertex -7.63995 55.7789 69
      vertex -9.14039 44.5475 41.2499
      vertex -16.6786 45.4391 40.0826
    endloop
  endfacet
  facet normal -0.570085 0.733805 -0.369503
    outer loop
      vertex -7.63995 55.7789 69
      vertex -0.0220127 46.9253 39.6641
      vertex -0.499733 46.6445 39.8435
    endloop
  endfacet
  facet normal -0.570209 0.733708 -0.369505
    outer loop
      vertex -0.0220127 46.9253 39.6641
      vertex -7.63995 55.7789 69
      vertex 5.80325 50.3502 37.4754
    endloop
  endfacet
  facet normal -0.570208 0.73371 -0.369503
    outer loop
      vertex -0.499733 46.6445 39.8435
      vertex -4.61028 41.6835 36.3359
      vertex -7.63995 55.7789 69
    endloop
  endfacet
  facet normal -0.570262 0.733704 -0.369432
    outer loop
      vertex -4.61028 41.6835 36.3359
      vertex -0.499733 46.6445 39.8435
      vertex -4.24315 41.6399 35.6826
    endloop
  endfacet
  facet normal -0.920725 0.0249753 -0.389412
    outer loop
      vertex 18.0268 69.2304 10.6823
      vertex 6.49215 50.9828 36.7845
      vertex -6.96825 57.0594 69
    endloop
  endfacet
  facet normal 0.226083 -0.901374 -0.369339
    outer loop
      vertex 0.344152 87.7833 0
      vertex -8.39245 57.3192 69
      vertex -27.9538 80.6856 0
    endloop
  endfacet
  facet normal 0.81983 -0.430059 -0.378059
    outer loop
      vertex -32.0199 55.7843 19.5093
      vertex -8.39245 57.3192 69
      vertex -8.76521 56.6086 69
    endloop
  endfacet
  facet normal 0.819858 -0.429993 -0.378074
    outer loop
      vertex -8.39245 57.3192 69
      vertex -32.0199 55.7843 19.5093
      vertex -32.1282 56.0308 18.9941
    endloop
  endfacet
  facet normal 0.819827 -0.430065 -0.378058
    outer loop
      vertex -32.1282 56.0308 18.9941
      vertex -27.9538 80.6856 0
      vertex -8.39245 57.3192 69
    endloop
  endfacet
  facet normal 0.819826 -0.430066 -0.37806
    outer loop
      vertex -27.9538 80.6856 0
      vertex -32.1282 56.0308 18.9941
      vertex -36.1206 65.1174 0
    endloop
  endfacet
  facet normal -0.57022 0.733698 -0.369509
    outer loop
      vertex -6.98927 56.2846 69
      vertex 5.80325 50.3502 37.4754
      vertex -7.63995 55.7789 69
    endloop
  endfacet
  facet normal -0.570175 0.733738 -0.369498
    outer loop
      vertex 5.80325 50.3502 37.4754
      vertex -6.98927 56.2846 69
      vertex 6.2632 50.6206 37.3026
    endloop
  endfacet
  facet normal -0.920725 0.0249748 -0.389412
    outer loop
      vertex 6.2632 50.6206 37.3026
      vertex -6.96825 57.0594 69
      vertex 6.49215 50.9828 36.7845
    endloop
  endfacet
  facet normal -0.920725 0.0249789 -0.389412
    outer loop
      vertex -6.96825 57.0594 69
      vertex 6.2632 50.6206 37.3026
      vertex -6.98927 56.2846 69
    endloop
  endfacet
  facet normal 0.825583 0.403325 -0.394642
    outer loop
      vertex -31.6644 55.5377 20.0009
      vertex -8.76521 56.6086 69
      vertex -8.43032 55.9231 69
    endloop
  endfacet
  facet normal 0.825545 0.403418 -0.394626
    outer loop
      vertex -8.76521 56.6086 69
      vertex -31.6644 55.5377 20.0009
      vertex -32.0199 55.7843 19.5093
    endloop
  endfacet
  facet normal 0.825586 0.403317 -0.394643
    outer loop
      vertex -8.43032 55.9231 69
      vertex -17.2004 45.5008 40.0018
      vertex -31.6644 55.5377 20.0009
    endloop
  endfacet
  facet normal 0 0 -1
    outer loop
      vertex -6.98927 56.2846 69
      vertex -7.59272 57.5198 69
      vertex -6.96825 57.0594 69
    endloop
  endfacet
  facet normal 0 0 -1
    outer loop
      vertex -7.63995 55.7789 69
      vertex -7.59272 57.5198 69
      vertex -6.98927 56.2846 69
    endloop
  endfacet
  facet normal 0 0 -1
    outer loop
      vertex -7.63995 55.7789 69
      vertex -8.39245 57.3192 69
      vertex -7.59272 57.5198 69
    endloop
  endfacet
  facet normal 0 0 -1
    outer loop
      vertex -8.43032 55.9231 69
      vertex -8.39245 57.3192 69
      vertex -7.63995 55.7789 69
    endloop
  endfacet
  facet normal 0 0 -1
    outer loop
      vertex -8.39245 57.3192 69
      vertex -8.43032 55.9231 69
      vertex -8.76521 56.6086 69
    endloop
  endfacet
  facet normal 0.226095 -0.901372 -0.369336
    outer loop
      vertex 0.344152 87.7833 0
      vertex -7.59272 57.5198 69
      vertex -8.39245 57.3192 69
    endloop
  endfacet
  facet normal 0.226601 -0.901285 -0.36924
    outer loop
      vertex -7.59272 57.5198 69
      vertex 0.344152 87.7833 0
      vertex 0.436428 87.8065 0
    endloop
  endfacet
  facet normal 0.507579 0.848363 -0.150477
    outer loop
      vertex -16.5609 -44.4893 81
      vertex -20.0785 -43.0868 77.0417
      vertex -21.3267 -41.6379 81
    endloop
  endfacet
  facet normal -0.507584 -0.848361 -0.150472
    outer loop
      vertex 47.5041 -64.3154 10.9557
      vertex -2.70871 -46.6961 81
      vertex -14.7409 -39.4971 81
    endloop
  endfacet
  facet normal -0.507579 -0.848365 -0.150467
    outer loop
      vertex -2.70871 -46.6961 81
      vertex 47.5041 -64.3154 10.9557
      vertex 50.178 -65.9138 10.9478
    endloop
  endfacet
  facet normal -0.507642 -0.848316 -0.150533
    outer loop
      vertex 12.003 -47.6565 36.7881
      vertex 33.8685 -56.1141 10.7133
      vertex 34.013 -56.2507 10.9958
    endloop
  endfacet
  facet normal -0.507586 -0.84836 -0.150473
    outer loop
      vertex 27.3375 -50.3063 0
      vertex 33.8685 -56.1141 10.7133
      vertex 12.003 -47.6565 36.7881
    endloop
  endfacet
  facet normal -0.507566 -0.848369 -0.15049
    outer loop
      vertex 33.8685 -56.1141 10.7133
      vertex 27.3375 -50.3063 0
      vertex 28.3865 -50.9339 0
    endloop
  endfacet
  facet normal -0.507623 -0.848333 -0.150501
    outer loop
      vertex 10.148 -47.1793 40.3551
      vertex -14.7409 -39.4971 81
      vertex -14.6456 -39.2355 79.204
    endloop
  endfacet
  facet normal -0.507607 -0.84834 -0.150513
    outer loop
      vertex 47.5041 -64.3154 10.9557
      vertex 10.148 -47.1793 40.3551
      vertex 11.2093 -47.5193 38.6922
    endloop
  endfacet
  facet normal -0.507581 -0.848364 -0.150466
    outer loop
      vertex 47.5041 -64.3154 10.9557
      vertex 12.003 -47.6565 36.7881
      vertex 34.013 -56.2507 10.9958
    endloop
  endfacet
  facet normal -0.507571 -0.848374 -0.150445
    outer loop
      vertex 12.003 -47.6565 36.7881
      vertex 47.5041 -64.3154 10.9557
      vertex 11.2093 -47.5193 38.6922
    endloop
  endfacet
  facet normal -0.507585 -0.84836 -0.150473
    outer loop
      vertex 10.148 -47.1793 40.3551
      vertex 47.5041 -64.3154 10.9557
      vertex -14.7409 -39.4971 81
    endloop
  endfacet
  facet normal 0.155536 0.976312 -0.150412
    outer loop
      vertex 50.178 -65.9138 10.9478
      vertex -8.58536 -50.1337 52.6099
      vertex -2.70871 -46.6961 81
    endloop
  endfacet
  facet normal 0.155533 0.976312 -0.150417
    outer loop
      vertex 50.178 -65.9138 10.9478
      vertex 16.0056 -60.8105 8.73716
      vertex -8.58536 -50.1337 52.6099
    endloop
  endfacet
  facet normal 0.155548 0.976307 -0.150431
    outer loop
      vertex 38.3394 -65.7145 0
      vertex 50.178 -65.9138 10.9478
      vertex 41.1739 -66.1661 0
    endloop
  endfacet
  facet normal 0.155533 0.976312 -0.150415
    outer loop
      vertex 50.178 -65.9138 10.9478
      vertex 38.3394 -65.7145 0
      vertex 16.0056 -60.8105 8.73716
    endloop
  endfacet
  facet normal 0 0 -1
    outer loop
      vertex -16.5609 -44.4893 81
      vertex -14.7409 -39.4971 81
      vertex -2.70871 -46.6961 81
    endloop
  endfacet
  facet normal -0 0 -1
    outer loop
      vertex -14.7409 -39.4971 81
      vertex -16.5609 -44.4893 81
      vertex -16.4911 -39.2182 81
    endloop
  endfacet
  facet normal 0 0 -1
    outer loop
      vertex -16.4911 -39.2182 81
      vertex -16.5609 -44.4893 81
      vertex -21.3267 -41.6379 81
    endloop
  endfacet
  facet normal -0.155576 -0.976298 -0.15046
    outer loop
      vertex -14.6456 -39.2355 79.204
      vertex -14.7409 -39.4971 81
      vertex -16.4911 -39.2182 81
    endloop
  endfacet
  facet normal 0.507574 0.848368 -0.15047
    outer loop
      vertex -16.5609 -44.4893 81
      vertex -17.2476 -46.3728 68.0642
      vertex -20.0785 -43.0868 77.0417
    endloop
  endfacet
  facet normal 0.155537 0.976312 -0.150411
    outer loop
      vertex -2.70871 -46.6961 81
      vertex -17.2476 -46.3728 68.0642
      vertex -16.5609 -44.4893 81
    endloop
  endfacet
  facet normal 0.155537 0.976312 -0.150412
    outer loop
      vertex -17.2476 -46.3728 68.0642
      vertex -2.70871 -46.6961 81
      vertex -8.58536 -50.1337 52.6099
    endloop
  endfacet
  facet normal 0.183247 -0.972228 -0.145578
    outer loop
      vertex 36.3162 -17.0949 73
      vertex 41.3924 -14.6508 63.067
      vertex 42.1888 -14.5509 63.4023
    endloop
  endfacet
  facet normal 0.183223 -0.972231 -0.145591
    outer loop
      vertex 41.3924 -14.6508 63.067
      vertex 36.3162 -17.0949 73
      vertex 33.6838 -15.6176 59.822
    endloop
  endfacet
  facet normal 0.183495 -0.972205 -0.14542
    outer loop
      vertex 42.9257 -14.2992 62.6494
      vertex 36.3162 -17.0949 73
      vertex 42.1888 -14.5509 63.4023
    endloop
  endfacet
  facet normal 0.18316 -0.972235 -0.145642
    outer loop
      vertex 36.3162 -17.0949 73
      vertex 42.9257 -14.2992 62.6494
      vertex 45.0188 -13.5845 60.5107
    endloop
  endfacet
  facet normal 0.542687 -0.82721 -0.145649
    outer loop
      vertex 5.48797 -29.5299 59.996
      vertex 16.2252 -20.2838 47.4898
      vertex 14.5493 -25.8749 73
    endloop
  endfacet
  facet normal 0.542677 -0.827215 -0.145661
    outer loop
      vertex 16.2252 -20.2838 47.4898
      vertex 5.48797 -29.5299 59.996
      vertex 13.6422 -21.4784 44.6507
    endloop
  endfacet
  facet normal -0.183232 0.97223 -0.145587
    outer loop
      vertex 8.77072 -30.0901 52.1237
      vertex 14.5493 -25.8749 73
      vertex 26.3122 -23.658 73
    endloop
  endfacet
  facet normal -0.183225 0.972231 -0.145589
    outer loop
      vertex 14.5493 -25.8749 73
      vertex 8.77072 -30.0901 52.1237
      vertex 5.48797 -29.5299 59.996
    endloop
  endfacet
  facet normal 0.542694 -0.827206 -0.145649
    outer loop
      vertex 14.5493 -25.8749 73
      vertex 23.5716 -16.8859 55.565
      vertex 24.5533 -19.3117 73
    endloop
  endfacet
  facet normal 0.542698 -0.827204 -0.145646
    outer loop
      vertex 23.5716 -16.8859 55.565
      vertex 14.5493 -25.8749 73
      vertex 16.2252 -20.2838 47.4898
    endloop
  endfacet
  facet normal -0.542664 0.82723 -0.145626
    outer loop
      vertex 36.3162 -17.0949 73
      vertex 43.0336 -14.618 62.0382
      vertex 42.3428 -14.9776 62.5697
    endloop
  endfacet
  facet normal -0.54272 0.827185 -0.145671
    outer loop
      vertex 43.0336 -14.618 62.0382
      vertex 36.3162 -17.0949 73
      vertex 45.0188 -13.5845 60.5107
    endloop
  endfacet
  facet normal -0.54269 0.827209 -0.145645
    outer loop
      vertex 41.7563 -15.6004 61.2178
      vertex 36.3162 -17.0949 73
      vertex 42.3428 -14.9776 62.5697
    endloop
  endfacet
  facet normal -0.542694 0.827206 -0.145647
    outer loop
      vertex 36.3162 -17.0949 73
      vertex 41.7563 -15.6004 61.2178
      vertex 34.4331 -23.3773 44.3356
    endloop
  endfacet
  facet normal 0 0 -1
    outer loop
      vertex 26.3122 -23.658 73
      vertex 24.5533 -19.3117 73
      vertex 36.3162 -17.0949 73
    endloop
  endfacet
  facet normal 0 -0 -1
    outer loop
      vertex 24.5533 -19.3117 73
      vertex 26.3122 -23.658 73
      vertex 14.5493 -25.8749 73
    endloop
  endfacet
  facet normal 0.183224 -0.972231 -0.145591
    outer loop
      vertex 24.5533 -19.3117 73
      vertex 33.6838 -15.6176 59.822
      vertex 36.3162 -17.0949 73
    endloop
  endfacet
  facet normal 0.183229 -0.97223 -0.145587
    outer loop
      vertex 33.6838 -15.6176 59.822
      vertex 24.5533 -19.3117 73
      vertex 23.5716 -16.8859 55.565
    endloop
  endfacet
  facet normal -0.183231 0.97223 -0.145588
    outer loop
      vertex 28.6737 -29.4935 31.0586
      vertex 8.77072 -30.0901 52.1237
      vertex 26.3122 -23.658 73
    endloop
  endfacet
  facet normal -0.183228 0.972231 -0.145584
    outer loop
      vertex 8.77072 -30.0901 52.1237
      vertex 28.6737 -29.4935 31.0586
      vertex 20.2945 -32.0564 24.489
    endloop
  endfacet
  facet normal -0.542689 0.827209 -0.145648
    outer loop
      vertex 34.4331 -23.3773 44.3356
      vertex 26.3122 -23.658 73
      vertex 36.3162 -17.0949 73
    endloop
  endfacet
  facet normal -0.542692 0.827207 -0.145649
    outer loop
      vertex 26.3122 -23.658 73
      vertex 34.4331 -23.3773 44.3356
      vertex 28.6737 -29.4935 31.0586
    endloop
  endfacet
  facet normal -0.98246 0.140657 -0.122423
    outer loop
      vertex 13.6635 32.8146 76.5682
      vertex 10.8164 16.9145 81.1483
      vertex 9.34039 19.5313 96
    endloop
  endfacet
  facet normal -0.982461 0.140651 -0.122425
    outer loop
      vertex 14.0004 33.79 74.985
      vertex 30.6979 85.1557 0
      vertex 29.8857 79.4824 0
    endloop
  endfacet
  facet normal -0.982473 0.140433 -0.122577
    outer loop
      vertex 30.6979 85.1557 0
      vertex 14.0004 33.79 74.985
      vertex 13.6953 32.9125 76.4251
    endloop
  endfacet
  facet normal 0.877085 -0.464483 -0.122384
    outer loop
      vertex 9.34039 19.5313 96
      vertex 9.25349 25.5473 72.5447
      vertex 13.6635 32.8146 76.5682
    endloop
  endfacet
  facet normal 0.877087 -0.46448 -0.122383
    outer loop
      vertex 9.25349 25.5473 72.5447
      vertex 9.34039 19.5313 96
      vertex 2.50933 6.63207 96
    endloop
  endfacet
  facet normal 0.877084 -0.464483 -0.122389
    outer loop
      vertex 30.6979 85.1557 0
      vertex 22.4262 62.4926 26.7317
      vertex 30.1124 84.0501 0
    endloop
  endfacet
  facet normal 0.87709 -0.464474 -0.122379
    outer loop
      vertex 30.6979 85.1557 0
      vertex 13.9643 33.8238 74.8941
      vertex 22.4262 62.4926 26.7317
    endloop
  endfacet
  facet normal 0.877174 -0.464343 -0.122271
    outer loop
      vertex 13.9643 33.8238 74.8941
      vertex 30.6979 85.1557 0
      vertex 13.6953 32.9125 76.4251
    endloop
  endfacet
  facet normal 0.877085 -0.464482 -0.122386
    outer loop
      vertex 9.25349 25.5473 72.5447
      vertex -0.121853 7.4856 73.904
      vertex 1.13313 12.1657 65.1359
    endloop
  endfacet
  facet normal 0.877085 -0.464482 -0.122385
    outer loop
      vertex -0.121853 7.4856 73.904
      vertex 9.25349 25.5473 72.5447
      vertex 2.50933 6.63207 96
    endloop
  endfacet
  facet normal 0.87709 -0.464475 -0.12238
    outer loop
      vertex 27.1228 78.4047 0
      vertex 30.1124 84.0501 0
      vertex 22.4262 62.4926 26.7317
    endloop
  endfacet
  facet normal 0.982461 -0.140652 -0.122424
    outer loop
      vertex -0.667204 -5.84683 84.8451
      vertex 0.441423 -7.81225 96
      vertex -2.23978 -16.0507 83.9482
    endloop
  endfacet
  facet normal -0.877086 0.464481 -0.122384
    outer loop
      vertex 1.83977 -10.1501 77.1057
      vertex 0.441423 -7.81225 96
      vertex 7.27249 5.08695 96
    endloop
  endfacet
  facet normal -0.877087 0.46448 -0.122384
    outer loop
      vertex 0.441423 -7.81225 96
      vertex 1.83977 -10.1501 77.1057
      vertex -2.23978 -16.0507 83.9482
    endloop
  endfacet
  facet normal -0.877085 0.464482 -0.122385
    outer loop
      vertex 1.83977 -10.1501 77.1057
      vertex 9.98683 4.20645 73.2056
      vertex 8.59472 -0.379969 65.7757
    endloop
  endfacet
  facet normal -0.877085 0.464482 -0.122385
    outer loop
      vertex 9.98683 4.20645 73.2056
      vertex 1.83977 -10.1501 77.1057
      vertex 7.27249 5.08695 96
    endloop
  endfacet
  facet normal -0.98246 0.140656 -0.122423
    outer loop
      vertex 10.2144 13.5525 82.1167
      vertex 9.34039 19.5313 96
      vertex 10.8164 16.9145 81.1483
    endloop
  endfacet
  facet normal -0.982473 0.140591 -0.122396
    outer loop
      vertex 10.0286 12.5144 82.4157
      vertex 9.34039 19.5313 96
      vertex 10.2144 13.5525 82.1167
    endloop
  endfacet
  facet normal -0.982457 0.140695 -0.122403
    outer loop
      vertex 7.27249 5.08695 96
      vertex 10.0286 12.5144 82.4157
      vertex 10.0235 11.5118 81.3042
    endloop
  endfacet
  facet normal -0.982461 0.140652 -0.122427
    outer loop
      vertex 10.0286 12.5144 82.4157
      vertex 7.27249 5.08695 96
      vertex 9.34039 19.5313 96
    endloop
  endfacet
  facet normal -0.982461 0.140649 -0.122424
    outer loop
      vertex 7.27249 5.08695 96
      vertex 10.0235 11.5118 81.3042
      vertex 9.98683 4.20645 73.2056
    endloop
  endfacet
  facet normal 0 0 -1
    outer loop
      vertex 7.27249 5.08695 96
      vertex 2.50933 6.63207 96
      vertex 9.34039 19.5313 96
    endloop
  endfacet
  facet normal 0 -0 -1
    outer loop
      vertex 2.50933 6.63207 96
      vertex 7.27249 5.08695 96
      vertex 0.441423 -7.81225 96
    endloop
  endfacet
  facet normal 0.982461 -0.140652 -0.122424
    outer loop
      vertex 2.50933 6.63207 96
      vertex 0.0349954 -0.165048 83.9525
      vertex -0.121853 7.4856 73.904
    endloop
  endfacet
  facet normal 0.982461 -0.140654 -0.122423
    outer loop
      vertex 2.50933 6.63207 96
      vertex 0.0553602 -1.15839 85.2572
      vertex 0.0349954 -0.165048 83.9525
    endloop
  endfacet
  facet normal 0.982461 -0.140653 -0.122424
    outer loop
      vertex 0.441423 -7.81225 96
      vertex 0.0553602 -1.15839 85.2572
      vertex 2.50933 6.63207 96
    endloop
  endfacet
  facet normal 0.982461 -0.140652 -0.122424
    outer loop
      vertex 0.0553602 -1.15839 85.2572
      vertex 0.441423 -7.81225 96
      vertex -0.667204 -5.84683 84.8451
    endloop
  endfacet
  facet normal 0.289024 -0.932817 -0.215217
    outer loop
      vertex 0 -59.8166 25.9238
      vertex 0 -66.525 55
      vertex -21.0608 -67.5691 31.2421
    endloop
  endfacet
  facet normal 0 0 -1
    outer loop
      vertex 0 -72.1501 55
      vertex 0 -66.525 55
      vertex 9.07753 -69.3376 55
    endloop
  endfacet
  facet normal 0 -0 -1
    outer loop
      vertex 0 -66.525 55
      vertex 0 -72.1501 55
      vertex -9.07753 -69.3376 55
    endloop
  endfacet
  facet normal 0.28902 -0.932818 -0.215216
    outer loop
      vertex -21.0608 -67.5691 31.2421
      vertex -9.07753 -69.3376 55
      vertex -25.8652 -69.3376 32.4554
    endloop
  endfacet
  facet normal 0.289025 -0.932816 -0.215219
    outer loop
      vertex -9.07753 -69.3376 55
      vertex -21.0608 -67.5691 31.2421
      vertex 0 -66.525 55
    endloop
  endfacet
  facet normal -0.289025 -0.932815 -0.215221
    outer loop
      vertex 47.2063 -68.8652 1.74846
      vertex 9.07753 -69.3376 55
      vertex 0 -66.525 55
    endloop
  endfacet
  facet normal -0.289048 -0.932804 -0.215237
    outer loop
      vertex 9.07753 -69.3376 55
      vertex 47.2063 -68.8652 1.74846
      vertex 48.3912 -69.3376 2.20453
    endloop
  endfacet
  facet normal -0.289023 -0.932817 -0.215218
    outer loop
      vertex 16.0056 -60.8105 8.73716
      vertex 0 -66.525 55
      vertex 0 -59.8166 25.9238
    endloop
  endfacet
  facet normal -0.289021 -0.932818 -0.215217
    outer loop
      vertex 16.0056 -60.8105 8.73716
      vertex 47.2063 -68.8652 1.74846
      vertex 0 -66.525 55
    endloop
  endfacet
  facet normal -0.289021 -0.932817 -0.21522
    outer loop
      vertex 38.3394 -65.7145 0
      vertex 47.2063 -68.8652 1.74846
      vertex 16.0056 -60.8105 8.73716
    endloop
  endfacet
  facet normal -0.289022 -0.932817 -0.215217
    outer loop
      vertex 47.2063 -68.8652 1.74846
      vertex 38.3394 -65.7145 0
      vertex 42.6636 -67.0543 0
    endloop
  endfacet
  facet normal -0.289018 0.932819 -0.215214
    outer loop
      vertex 48.3912 -69.3376 2.20453
      vertex 11.4493 -72.7556 37
      vertex 9.07753 -69.3376 55
    endloop
  endfacet
  facet normal -0.289027 0.932822 -0.215191
    outer loop
      vertex 39.0011 -72.7556 0
      vertex 48.3912 -69.3376 2.20453
      vertex 47.7033 -70.0593 0
    endloop
  endfacet
  facet normal -0.289019 0.932818 -0.215216
    outer loop
      vertex 48.3912 -69.3376 2.20453
      vertex 39.0011 -72.7556 0
      vertex 11.4493 -72.7556 37
    endloop
  endfacet
  facet normal -0.289022 0.932818 -0.215215
    outer loop
      vertex 9.07753 -69.3376 55
      vertex 11.4493 -72.7556 37
      vertex 6.52447 -74.2815 37
    endloop
  endfacet
  facet normal 0.289022 0.932818 -0.215215
    outer loop
      vertex -11.4493 -72.7556 37
      vertex -9.07753 -69.3376 55
      vertex -6.52447 -74.2815 37
    endloop
  endfacet
  facet normal 0.289017 0.932819 -0.215214
    outer loop
      vertex -11.4493 -72.7556 37
      vertex -25.8652 -69.3376 32.4554
      vertex -9.07753 -69.3376 55
    endloop
  endfacet
  facet normal 0.289017 0.932819 -0.215215
    outer loop
      vertex -25.8652 -69.3376 32.4554
      vertex -11.4493 -72.7556 37
      vertex -22.2582 -72.7556 22.4845
    endloop
  endfacet
  facet normal 0.289031 0.932813 -0.215221
    outer loop
      vertex -6.52447 -74.2815 37
      vertex 0 -72.1501 55
      vertex 0 -76.3031 37
    endloop
  endfacet
  facet normal 0.289016 0.932819 -0.215216
    outer loop
      vertex 0 -72.1501 55
      vertex -6.52447 -74.2815 37
      vertex -9.07753 -69.3376 55
    endloop
  endfacet
  facet normal -0.289016 0.932819 -0.215216
    outer loop
      vertex 6.52447 -74.2815 37
      vertex 0 -72.1501 55
      vertex 9.07753 -69.3376 55
    endloop
  endfacet
  facet normal -0.289031 0.932813 -0.215221
    outer loop
      vertex 0 -72.1501 55
      vertex 6.52447 -74.2815 37
      vertex 0 -76.3031 37
    endloop
  endfacet
  facet normal -0.996919 0 -0.0784419
    outer loop
      vertex -13 -102.5 18
      vertex -13.1354 -100.1 19.7208
      vertex -13 -100.1 18
    endloop
  endfacet
  facet normal -0.996919 -0 -0.0784419
    outer loop
      vertex -13.1354 -100.1 19.7208
      vertex -13 -102.5 18
      vertex -13.1354 -102.5 19.7208
    endloop
  endfacet
  facet normal -0.923889 0 -0.382661
    outer loop
      vertex -13.5384 -102.5 21.3992
      vertex -14.1989 -100.1 22.9939
      vertex -13.5384 -100.1 21.3992
    endloop
  endfacet
  facet normal -0.923889 -0 -0.382661
    outer loop
      vertex -14.1989 -100.1 22.9939
      vertex -13.5384 -102.5 21.3992
      vertex -14.1989 -102.5 22.9939
    endloop
  endfacet
  facet normal -0.382661 -2.3555e-19 -0.923889
    outer loop
      vertex -20.6008 -102.5 28.4616
      vertex -19.0061 -100.1 27.8011
      vertex -19.0061 -102.5 27.8011
    endloop
  endfacet
  facet normal -0.382661 -2.3555e-19 -0.923889
    outer loop
      vertex -19.0061 -100.1 27.8011
      vertex -20.6008 -102.5 28.4616
      vertex -20.6008 -100.1 28.4616
    endloop
  endfacet
  facet normal 0.233474 -2.01522e-18 -0.972363
    outer loop
      vertex -27.3992 -102.5 28.4616
      vertex -25.7208 -100.1 28.8646
      vertex -25.7208 -102.5 28.8646
    endloop
  endfacet
  facet normal 0.233474 -2.01522e-18 -0.972363
    outer loop
      vertex -25.7208 -100.1 28.8646
      vertex -27.3992 -102.5 28.4616
      vertex -27.3992 -100.1 28.4616
    endloop
  endfacet
  facet normal 0.923889 0 -0.382661
    outer loop
      vertex -33.8011 -102.5 22.9939
      vertex -34.4616 -100.1 21.3992
      vertex -33.8011 -100.1 22.9939
    endloop
  endfacet
  facet normal 0.923889 0 -0.382661
    outer loop
      vertex -34.4616 -100.1 21.3992
      vertex -33.8011 -102.5 22.9939
      vertex -34.4616 -102.5 21.3992
    endloop
  endfacet
  facet normal -0.996919 0 0.0784419
    outer loop
      vertex -13.1354 -102.5 16.2792
      vertex -13 -100.1 18
      vertex -13.1354 -100.1 16.2792
    endloop
  endfacet
  facet normal -0.996919 0 0.0784419
    outer loop
      vertex -13 -100.1 18
      vertex -13.1354 -102.5 16.2792
      vertex -13 -102.5 18
    endloop
  endfacet
  facet normal -0.522507 1.26936e-17 0.852635
    outer loop
      vertex -19.0061 -100.1 8.19893
      vertex -17.5344 -102.5 9.10081
      vertex -17.5344 -100.1 9.10081
    endloop
  endfacet
  facet normal -0.522507 1.26936e-17 0.852635
    outer loop
      vertex -17.5344 -102.5 9.10081
      vertex -19.0061 -100.1 8.19893
      vertex -19.0061 -102.5 8.19893
    endloop
  endfacet
  facet normal -0.760425 0 -0.649426
    outer loop
      vertex -15.1008 -102.5 24.4656
      vertex -16.2218 -100.1 25.7782
      vertex -15.1008 -100.1 24.4656
    endloop
  endfacet
  facet normal -0.760425 -0 -0.649426
    outer loop
      vertex -16.2218 -100.1 25.7782
      vertex -15.1008 -102.5 24.4656
      vertex -16.2218 -102.5 25.7782
    endloop
  endfacet
  facet normal -0.85263 0 -0.522516
    outer loop
      vertex -14.1989 -102.5 22.9939
      vertex -15.1008 -100.1 24.4656
      vertex -14.1989 -100.1 22.9939
    endloop
  endfacet
  facet normal -0.85263 -0 -0.522516
    outer loop
      vertex -15.1008 -100.1 24.4656
      vertex -14.1989 -102.5 22.9939
      vertex -15.1008 -102.5 24.4656
    endloop
  endfacet
  facet normal -0.0784419 -2.91485e-18 -0.996919
    outer loop
      vertex -24 -102.5 29
      vertex -22.2792 -100.1 28.8646
      vertex -22.2792 -102.5 28.8646
    endloop
  endfacet
  facet normal -0.0784419 -2.91485e-18 -0.996919
    outer loop
      vertex -22.2792 -100.1 28.8646
      vertex -24 -102.5 29
      vertex -24 -100.1 29
    endloop
  endfacet
  facet normal 0.996919 0 -0.0784419
    outer loop
      vertex -34.8646 -102.5 19.7208
      vertex -35 -100.1 18
      vertex -34.8646 -100.1 19.7208
    endloop
  endfacet
  facet normal 0.996919 0 -0.0784419
    outer loop
      vertex -35 -100.1 18
      vertex -34.8646 -102.5 19.7208
      vertex -35 -102.5 18
    endloop
  endfacet
  facet normal 0.0784592 1.42962e-18 0.996917
    outer loop
      vertex -25.7208 -100.1 7.13543
      vertex -24 -102.5 7
      vertex -24 -100.1 7
    endloop
  endfacet
  facet normal 0.0784592 1.42962e-18 0.996917
    outer loop
      vertex -24 -102.5 7
      vertex -25.7208 -100.1 7.13543
      vertex -25.7208 -102.5 7.13543
    endloop
  endfacet
  facet normal -0.972363 0 -0.233474
    outer loop
      vertex -13.1354 -102.5 19.7208
      vertex -13.5384 -100.1 21.3992
      vertex -13.1354 -100.1 19.7208
    endloop
  endfacet
  facet normal -0.972363 -0 -0.233474
    outer loop
      vertex -13.5384 -100.1 21.3992
      vertex -13.1354 -102.5 19.7208
      vertex -13.5384 -102.5 21.3992
    endloop
  endfacet
  facet normal -0.233474 2.01522e-18 -0.972363
    outer loop
      vertex -22.2792 -102.5 28.8646
      vertex -20.6008 -100.1 28.4616
      vertex -20.6008 -102.5 28.4616
    endloop
  endfacet
  facet normal -0.233474 2.01522e-18 -0.972363
    outer loop
      vertex -20.6008 -100.1 28.4616
      vertex -22.2792 -102.5 28.8646
      vertex -22.2792 -100.1 28.8646
    endloop
  endfacet
  facet normal 0.972363 0 -0.233474
    outer loop
      vertex -34.4616 -102.5 21.3992
      vertex -34.8646 -100.1 19.7208
      vertex -34.4616 -100.1 21.3992
    endloop
  endfacet
  facet normal 0.972363 0 -0.233474
    outer loop
      vertex -34.8646 -100.1 19.7208
      vertex -34.4616 -102.5 21.3992
      vertex -34.8646 -102.5 19.7208
    endloop
  endfacet
  facet normal 0.85263 0 -0.522516
    outer loop
      vertex -32.8992 -102.5 24.4656
      vertex -33.8011 -100.1 22.9939
      vertex -32.8992 -100.1 24.4656
    endloop
  endfacet
  facet normal 0.85263 0 -0.522516
    outer loop
      vertex -33.8011 -100.1 22.9939
      vertex -32.8992 -102.5 24.4656
      vertex -33.8011 -102.5 22.9939
    endloop
  endfacet
  facet normal 0.0784419 2.91485e-18 -0.996919
    outer loop
      vertex -25.7208 -102.5 28.8646
      vertex -24 -100.1 29
      vertex -24 -102.5 29
    endloop
  endfacet
  facet normal 0.0784419 2.91485e-18 -0.996919
    outer loop
      vertex -24 -100.1 29
      vertex -25.7208 -102.5 28.8646
      vertex -25.7208 -100.1 28.8646
    endloop
  endfacet
  facet normal 0.382661 2.3555e-19 -0.923889
    outer loop
      vertex -28.9939 -102.5 27.8011
      vertex -27.3992 -100.1 28.4616
      vertex -27.3992 -102.5 28.4616
    endloop
  endfacet
  facet normal 0.382661 2.3555e-19 -0.923889
    outer loop
      vertex -27.3992 -100.1 28.4616
      vertex -28.9939 -102.5 27.8011
      vertex -28.9939 -100.1 27.8011
    endloop
  endfacet
  facet normal 0.649426 -3.06203e-18 -0.760425
    outer loop
      vertex -31.7782 -102.5 25.7782
      vertex -30.4656 -100.1 26.8992
      vertex -30.4656 -102.5 26.8992
    endloop
  endfacet
  facet normal 0.649426 -3.06203e-18 -0.760425
    outer loop
      vertex -30.4656 -100.1 26.8992
      vertex -31.7782 -102.5 25.7782
      vertex -31.7782 -100.1 25.7782
    endloop
  endfacet
  facet normal 0.522516 -1.68811e-17 -0.85263
    outer loop
      vertex -30.4656 -102.5 26.8992
      vertex -28.9939 -100.1 27.8011
      vertex -28.9939 -102.5 27.8011
    endloop
  endfacet
  facet normal 0.522516 -1.68811e-17 -0.85263
    outer loop
      vertex -28.9939 -100.1 27.8011
      vertex -30.4656 -102.5 26.8992
      vertex -30.4656 -100.1 26.8992
    endloop
  endfacet
  facet normal -0.972363 0 0.233474
    outer loop
      vertex -13.5384 -102.5 14.6008
      vertex -13.1354 -100.1 16.2792
      vertex -13.5384 -100.1 14.6008
    endloop
  endfacet
  facet normal -0.972363 0 0.233474
    outer loop
      vertex -13.1354 -100.1 16.2792
      vertex -13.5384 -102.5 14.6008
      vertex -13.1354 -102.5 16.2792
    endloop
  endfacet
  facet normal -0.85263 0 0.522516
    outer loop
      vertex -15.1008 -102.5 11.5344
      vertex -14.1989 -100.1 13.0061
      vertex -15.1008 -100.1 11.5344
    endloop
  endfacet
  facet normal -0.85263 0 0.522516
    outer loop
      vertex -14.1989 -100.1 13.0061
      vertex -15.1008 -102.5 11.5344
      vertex -14.1989 -102.5 13.0061
    endloop
  endfacet
  facet normal 0.996919 -0 0.0784419
    outer loop
      vertex -35 -102.5 18
      vertex -34.8646 -100.1 16.2792
      vertex -35 -100.1 18
    endloop
  endfacet
  facet normal 0.996919 0 0.0784419
    outer loop
      vertex -34.8646 -100.1 16.2792
      vertex -35 -102.5 18
      vertex -34.8646 -102.5 16.2792
    endloop
  endfacet
  facet normal 0.85263 -0 0.522516
    outer loop
      vertex -33.8011 -102.5 13.0061
      vertex -32.8992 -100.1 11.5344
      vertex -33.8011 -100.1 13.0061
    endloop
  endfacet
  facet normal 0.85263 0 0.522516
    outer loop
      vertex -32.8992 -100.1 11.5344
      vertex -33.8011 -102.5 13.0061
      vertex -32.8992 -102.5 11.5344
    endloop
  endfacet
  facet normal 0.972363 -0 0.233474
    outer loop
      vertex -34.8646 -102.5 16.2792
      vertex -34.4616 -100.1 14.6008
      vertex -34.8646 -100.1 16.2792
    endloop
  endfacet
  facet normal 0.972363 0 0.233474
    outer loop
      vertex -34.4616 -100.1 14.6008
      vertex -34.8646 -102.5 16.2792
      vertex -34.4616 -102.5 14.6008
    endloop
  endfacet
  facet normal 0.923889 -0 0.382661
    outer loop
      vertex -34.4616 -102.5 14.6008
      vertex -33.8011 -100.1 13.0061
      vertex -34.4616 -100.1 14.6008
    endloop
  endfacet
  facet normal 0.923889 0 0.382661
    outer loop
      vertex -33.8011 -100.1 13.0061
      vertex -34.4616 -102.5 14.6008
      vertex -33.8011 -102.5 13.0061
    endloop
  endfacet
  facet normal -0.0784592 -1.42962e-18 0.996917
    outer loop
      vertex -24 -100.1 7
      vertex -22.2792 -102.5 7.13543
      vertex -22.2792 -100.1 7.13543
    endloop
  endfacet
  facet normal -0.0784592 -1.42962e-18 0.996917
    outer loop
      vertex -22.2792 -102.5 7.13543
      vertex -24 -100.1 7
      vertex -24 -102.5 7
    endloop
  endfacet
  facet normal -0.233446 -1.07174e-17 0.97237
    outer loop
      vertex -22.2792 -100.1 7.13543
      vertex -20.6008 -102.5 7.53838
      vertex -20.6008 -100.1 7.53838
    endloop
  endfacet
  facet normal -0.233446 -1.07174e-17 0.97237
    outer loop
      vertex -20.6008 -102.5 7.53838
      vertex -22.2792 -100.1 7.13543
      vertex -22.2792 -102.5 7.13543
    endloop
  endfacet
  facet normal -0.649426 3.06203e-18 -0.760425
    outer loop
      vertex -17.5344 -102.5 26.8992
      vertex -16.2218 -100.1 25.7782
      vertex -16.2218 -102.5 25.7782
    endloop
  endfacet
  facet normal -0.649426 3.06203e-18 -0.760425
    outer loop
      vertex -16.2218 -100.1 25.7782
      vertex -17.5344 -102.5 26.8992
      vertex -17.5344 -100.1 26.8992
    endloop
  endfacet
  facet normal -0.522516 1.68811e-17 -0.85263
    outer loop
      vertex -19.0061 -102.5 27.8011
      vertex -17.5344 -100.1 26.8992
      vertex -17.5344 -102.5 26.8992
    endloop
  endfacet
  facet normal -0.522516 1.68811e-17 -0.85263
    outer loop
      vertex -17.5344 -100.1 26.8992
      vertex -19.0061 -102.5 27.8011
      vertex -19.0061 -100.1 27.8011
    endloop
  endfacet
  facet normal 0.760425 0 -0.649426
    outer loop
      vertex -31.7782 -102.5 25.7782
      vertex -32.8992 -100.1 24.4656
      vertex -31.7782 -100.1 25.7782
    endloop
  endfacet
  facet normal 0.760425 0 -0.649426
    outer loop
      vertex -32.8992 -100.1 24.4656
      vertex -31.7782 -102.5 25.7782
      vertex -32.8992 -102.5 24.4656
    endloop
  endfacet
  facet normal -0.923889 0 0.382661
    outer loop
      vertex -14.1989 -102.5 13.0061
      vertex -13.5384 -100.1 14.6008
      vertex -14.1989 -100.1 13.0061
    endloop
  endfacet
  facet normal -0.923889 0 0.382661
    outer loop
      vertex -13.5384 -100.1 14.6008
      vertex -14.1989 -102.5 13.0061
      vertex -13.5384 -102.5 14.6008
    endloop
  endfacet
  facet normal 0.382685 1.62266e-17 0.923879
    outer loop
      vertex -28.9939 -100.1 8.19893
      vertex -27.3992 -102.5 7.53838
      vertex -27.3992 -100.1 7.53838
    endloop
  endfacet
  facet normal 0.382685 1.62266e-17 0.923879
    outer loop
      vertex -27.3992 -102.5 7.53838
      vertex -28.9939 -100.1 8.19893
      vertex -28.9939 -102.5 8.19893
    endloop
  endfacet
  facet normal 0.760425 -0 0.649426
    outer loop
      vertex -32.8992 -102.5 11.5344
      vertex -31.7782 -100.1 10.2218
      vertex -32.8992 -100.1 11.5344
    endloop
  endfacet
  facet normal 0.760425 0 0.649426
    outer loop
      vertex -31.7782 -100.1 10.2218
      vertex -32.8992 -102.5 11.5344
      vertex -31.7782 -102.5 10.2218
    endloop
  endfacet
  facet normal -0.382685 -1.62266e-17 0.923879
    outer loop
      vertex -20.6008 -100.1 7.53838
      vertex -19.0061 -102.5 8.19893
      vertex -19.0061 -100.1 8.19893
    endloop
  endfacet
  facet normal -0.382685 -1.62266e-17 0.923879
    outer loop
      vertex -19.0061 -102.5 8.19893
      vertex -20.6008 -100.1 7.53838
      vertex -20.6008 -102.5 7.53838
    endloop
  endfacet
  facet normal -0.649422 3.79483e-18 0.760428
    outer loop
      vertex -17.5344 -100.1 9.10081
      vertex -16.2218 -102.5 10.2218
      vertex -16.2218 -100.1 10.2218
    endloop
  endfacet
  facet normal -0.649422 3.79483e-18 0.760428
    outer loop
      vertex -16.2218 -102.5 10.2218
      vertex -17.5344 -100.1 9.10081
      vertex -17.5344 -102.5 9.10081
    endloop
  endfacet
  facet normal -0.760425 0 0.649426
    outer loop
      vertex -16.2218 -102.5 10.2218
      vertex -15.1008 -100.1 11.5344
      vertex -16.2218 -100.1 10.2218
    endloop
  endfacet
  facet normal -0.760425 0 0.649426
    outer loop
      vertex -15.1008 -100.1 11.5344
      vertex -16.2218 -102.5 10.2218
      vertex -15.1008 -102.5 11.5344
    endloop
  endfacet
  facet normal 0.233446 1.07174e-17 0.97237
    outer loop
      vertex -27.3992 -100.1 7.53838
      vertex -25.7208 -102.5 7.13543
      vertex -25.7208 -100.1 7.13543
    endloop
  endfacet
  facet normal 0.233446 1.07174e-17 0.97237
    outer loop
      vertex -25.7208 -102.5 7.13543
      vertex -27.3992 -100.1 7.53838
      vertex -27.3992 -102.5 7.53838
    endloop
  endfacet
  facet normal 0.522507 -1.26936e-17 0.852635
    outer loop
      vertex -30.4656 -100.1 9.10081
      vertex -28.9939 -102.5 8.19893
      vertex -28.9939 -100.1 8.19893
    endloop
  endfacet
  facet normal 0.522507 -1.26936e-17 0.852635
    outer loop
      vertex -28.9939 -102.5 8.19893
      vertex -30.4656 -100.1 9.10081
      vertex -30.4656 -102.5 9.10081
    endloop
  endfacet
  facet normal 0.649422 -3.79483e-18 0.760428
    outer loop
      vertex -31.7782 -100.1 10.2218
      vertex -30.4656 -102.5 9.10081
      vertex -30.4656 -100.1 9.10081
    endloop
  endfacet
  facet normal 0.649422 -3.79483e-18 0.760428
    outer loop
      vertex -30.4656 -102.5 9.10081
      vertex -31.7782 -100.1 10.2218
      vertex -31.7782 -102.5 10.2218
    endloop
  endfacet
  facet normal -0.996917 0 -0.0784629
    outer loop
      vertex 32 -102.5 18
      vertex 31.9015 -100.1 19.2515
      vertex 32 -100.1 18
    endloop
  endfacet
  facet normal -0.996917 -0 -0.0784629
    outer loop
      vertex 31.9015 -100.1 19.2515
      vertex 32 -102.5 18
      vertex 31.9015 -102.5 19.2515
    endloop
  endfacet
  facet normal 0.233415 2.11431e-18 0.972377
    outer loop
      vertex 21.5279 -100.1 10.3915
      vertex 22.7485 -102.5 10.0985
      vertex 22.7485 -100.1 10.0985
    endloop
  endfacet
  facet normal 0.233415 2.11431e-18 0.972377
    outer loop
      vertex 22.7485 -102.5 10.0985
      vertex 21.5279 -100.1 10.3915
      vertex 21.5279 -102.5 10.3915
    endloop
  endfacet
  facet normal -0.522532 -7.25076e-18 -0.85262
    outer loop
      vertex 27.6319 -102.5 25.1281
      vertex 28.7023 -100.1 24.4721
      vertex 28.7023 -102.5 24.4721
    endloop
  endfacet
  facet normal -0.522532 -7.25076e-18 -0.85262
    outer loop
      vertex 28.7023 -100.1 24.4721
      vertex 27.6319 -102.5 25.1281
      vertex 27.6319 -100.1 25.1281
    endloop
  endfacet
  facet normal 0.923881 0 -0.38268
    outer loop
      vertex 16.8719 -102.5 21.6319
      vertex 16.3915 -100.1 20.4721
      vertex 16.8719 -100.1 21.6319
    endloop
  endfacet
  facet normal 0.923881 0 -0.38268
    outer loop
      vertex 16.3915 -100.1 20.4721
      vertex 16.8719 -102.5 21.6319
      vertex 16.3915 -102.5 20.4721
    endloop
  endfacet
  facet normal -0.649399 1.83534e-17 -0.760447
    outer loop
      vertex 28.7023 -102.5 24.4721
      vertex 29.6569 -100.1 23.6569
      vertex 29.6569 -102.5 23.6569
    endloop
  endfacet
  facet normal -0.649399 1.83534e-17 -0.760447
    outer loop
      vertex 29.6569 -100.1 23.6569
      vertex 28.7023 -102.5 24.4721
      vertex 28.7023 -100.1 24.4721
    endloop
  endfacet
  facet normal -0.38268 -7.19717e-20 -0.923881
    outer loop
      vertex 26.4721 -102.5 25.6085
      vertex 27.6319 -100.1 25.1281
      vertex 27.6319 -102.5 25.1281
    endloop
  endfacet
  facet normal -0.38268 -7.19717e-20 -0.923881
    outer loop
      vertex 27.6319 -100.1 25.1281
      vertex 26.4721 -102.5 25.6085
      vertex 26.4721 -100.1 25.6085
    endloop
  endfacet
  facet normal 0.0784629 -1.85775e-18 -0.996917
    outer loop
      vertex 22.7485 -102.5 25.9015
      vertex 24 -100.1 26
      vertex 24 -102.5 26
    endloop
  endfacet
  facet normal 0.0784629 -1.85775e-18 -0.996917
    outer loop
      vertex 24 -100.1 26
      vertex 22.7485 -102.5 25.9015
      vertex 22.7485 -100.1 25.9015
    endloop
  endfacet
  facet normal 0.85262 0 -0.522532
    outer loop
      vertex 17.5279 -102.5 22.7023
      vertex 16.8719 -100.1 21.6319
      vertex 17.5279 -100.1 22.7023
    endloop
  endfacet
  facet normal 0.85262 0 -0.522532
    outer loop
      vertex 16.8719 -100.1 21.6319
      vertex 17.5279 -102.5 22.7023
      vertex 16.8719 -102.5 21.6319
    endloop
  endfacet
  facet normal -0.85262 0 0.522532
    outer loop
      vertex 30.4721 -102.5 13.2977
      vertex 31.1281 -100.1 14.3681
      vertex 30.4721 -100.1 13.2977
    endloop
  endfacet
  facet normal -0.85262 0 0.522532
    outer loop
      vertex 31.1281 -100.1 14.3681
      vertex 30.4721 -102.5 13.2977
      vertex 31.1281 -102.5 14.3681
    endloop
  endfacet
  facet normal 0.0784629 9.73857e-19 0.996917
    outer loop
      vertex 22.7485 -100.1 10.0985
      vertex 24 -102.5 10
      vertex 24 -100.1 10
    endloop
  endfacet
  facet normal 0.0784629 9.73857e-19 0.996917
    outer loop
      vertex 24 -102.5 10
      vertex 22.7485 -100.1 10.0985
      vertex 22.7485 -102.5 10.0985
    endloop
  endfacet
  facet normal 0.522532 -2.59084e-18 0.85262
    outer loop
      vertex 19.2977 -100.1 11.5279
      vertex 20.3681 -102.5 10.8719
      vertex 20.3681 -100.1 10.8719
    endloop
  endfacet
  facet normal 0.522532 -2.59084e-18 0.85262
    outer loop
      vertex 20.3681 -102.5 10.8719
      vertex 19.2977 -100.1 11.5279
      vertex 19.2977 -102.5 11.5279
    endloop
  endfacet
  facet normal -0.972377 0 -0.233415
    outer loop
      vertex 31.9015 -102.5 19.2515
      vertex 31.6085 -100.1 20.4721
      vertex 31.9015 -100.1 19.2515
    endloop
  endfacet
  facet normal -0.972377 -0 -0.233415
    outer loop
      vertex 31.6085 -100.1 20.4721
      vertex 31.9015 -102.5 19.2515
      vertex 31.6085 -102.5 20.4721
    endloop
  endfacet
  facet normal -0.760447 0 -0.649399
    outer loop
      vertex 30.4721 -102.5 22.7023
      vertex 29.6569 -100.1 23.6569
      vertex 30.4721 -100.1 22.7023
    endloop
  endfacet
  facet normal -0.760447 -0 -0.649399
    outer loop
      vertex 29.6569 -100.1 23.6569
      vertex 30.4721 -102.5 22.7023
      vertex 29.6569 -102.5 23.6569
    endloop
  endfacet
  facet normal -0.233415 1.01667e-18 -0.972377
    outer loop
      vertex 25.2515 -102.5 25.9015
      vertex 26.4721 -100.1 25.6085
      vertex 26.4721 -102.5 25.6085
    endloop
  endfacet
  facet normal -0.233415 1.01667e-18 -0.972377
    outer loop
      vertex 26.4721 -100.1 25.6085
      vertex 25.2515 -102.5 25.9015
      vertex 25.2515 -100.1 25.9015
    endloop
  endfacet
  facet normal -0.0784629 1.85775e-18 -0.996917
    outer loop
      vertex 24 -102.5 26
      vertex 25.2515 -100.1 25.9015
      vertex 25.2515 -102.5 25.9015
    endloop
  endfacet
  facet normal -0.0784629 1.85775e-18 -0.996917
    outer loop
      vertex 25.2515 -100.1 25.9015
      vertex 24 -102.5 26
      vertex 24 -100.1 26
    endloop
  endfacet
  facet normal 0.996917 -0 0.0784629
    outer loop
      vertex 16 -102.5 18
      vertex 16.0985 -100.1 16.7485
      vertex 16 -100.1 18
    endloop
  endfacet
  facet normal 0.996917 0 0.0784629
    outer loop
      vertex 16.0985 -100.1 16.7485
      vertex 16 -102.5 18
      vertex 16.0985 -102.5 16.7485
    endloop
  endfacet
  facet normal 0.972377 0 -0.233415
    outer loop
      vertex 16.3915 -102.5 20.4721
      vertex 16.0985 -100.1 19.2515
      vertex 16.3915 -100.1 20.4721
    endloop
  endfacet
  facet normal 0.972377 0 -0.233415
    outer loop
      vertex 16.0985 -100.1 19.2515
      vertex 16.3915 -102.5 20.4721
      vertex 16.0985 -102.5 19.2515
    endloop
  endfacet
  facet normal 0.233415 -1.01667e-18 -0.972377
    outer loop
      vertex 21.5279 -102.5 25.6085
      vertex 22.7485 -100.1 25.9015
      vertex 22.7485 -102.5 25.9015
    endloop
  endfacet
  facet normal 0.233415 -1.01667e-18 -0.972377
    outer loop
      vertex 22.7485 -100.1 25.9015
      vertex 21.5279 -102.5 25.6085
      vertex 21.5279 -100.1 25.6085
    endloop
  endfacet
  facet normal 0.649399 -1.83534e-17 -0.760447
    outer loop
      vertex 18.3431 -102.5 23.6569
      vertex 19.2977 -100.1 24.4721
      vertex 19.2977 -102.5 24.4721
    endloop
  endfacet
  facet normal 0.649399 -1.83534e-17 -0.760447
    outer loop
      vertex 19.2977 -100.1 24.4721
      vertex 18.3431 -102.5 23.6569
      vertex 18.3431 -100.1 23.6569
    endloop
  endfacet
  facet normal 0.760447 0 -0.649399
    outer loop
      vertex 18.3431 -102.5 23.6569
      vertex 17.5279 -100.1 22.7023
      vertex 18.3431 -100.1 23.6569
    endloop
  endfacet
  facet normal 0.760447 0 -0.649399
    outer loop
      vertex 17.5279 -100.1 22.7023
      vertex 18.3431 -102.5 23.6569
      vertex 17.5279 -102.5 22.7023
    endloop
  endfacet
  facet normal -0.972377 0 0.233415
    outer loop
      vertex 31.6085 -102.5 15.5279
      vertex 31.9015 -100.1 16.7485
      vertex 31.6085 -100.1 15.5279
    endloop
  endfacet
  facet normal -0.972377 0 0.233415
    outer loop
      vertex 31.9015 -100.1 16.7485
      vertex 31.6085 -102.5 15.5279
      vertex 31.9015 -102.5 16.7485
    endloop
  endfacet
  facet normal -0.233415 -2.11431e-18 0.972377
    outer loop
      vertex 25.2515 -100.1 10.0985
      vertex 26.4721 -102.5 10.3915
      vertex 26.4721 -100.1 10.3915
    endloop
  endfacet
  facet normal -0.233415 -2.11431e-18 0.972377
    outer loop
      vertex 26.4721 -102.5 10.3915
      vertex 25.2515 -100.1 10.0985
      vertex 25.2515 -102.5 10.0985
    endloop
  endfacet
  facet normal -0.649399 -8.27703e-18 0.760447
    outer loop
      vertex 28.7023 -100.1 11.5279
      vertex 29.6569 -102.5 12.3431
      vertex 29.6569 -100.1 12.3431
    endloop
  endfacet
  facet normal -0.649399 -8.27703e-18 0.760447
    outer loop
      vertex 29.6569 -102.5 12.3431
      vertex 28.7023 -100.1 11.5279
      vertex 28.7023 -102.5 11.5279
    endloop
  endfacet
  facet normal -0.760447 0 0.649399
    outer loop
      vertex 29.6569 -102.5 12.3431
      vertex 30.4721 -100.1 13.2977
      vertex 29.6569 -100.1 12.3431
    endloop
  endfacet
  facet normal -0.760447 0 0.649399
    outer loop
      vertex 30.4721 -100.1 13.2977
      vertex 29.6569 -102.5 12.3431
      vertex 30.4721 -102.5 13.2977
    endloop
  endfacet
  facet normal -0.923881 0 0.38268
    outer loop
      vertex 31.1281 -102.5 14.3681
      vertex 31.6085 -100.1 15.5279
      vertex 31.1281 -100.1 14.3681
    endloop
  endfacet
  facet normal -0.923881 0 0.38268
    outer loop
      vertex 31.6085 -100.1 15.5279
      vertex 31.1281 -102.5 14.3681
      vertex 31.6085 -102.5 15.5279
    endloop
  endfacet
  facet normal -0.0784629 -9.73857e-19 0.996917
    outer loop
      vertex 24 -100.1 10
      vertex 25.2515 -102.5 10.0985
      vertex 25.2515 -100.1 10.0985
    endloop
  endfacet
  facet normal -0.0784629 -9.73857e-19 0.996917
    outer loop
      vertex 25.2515 -102.5 10.0985
      vertex 24 -100.1 10
      vertex 24 -102.5 10
    endloop
  endfacet
  facet normal 0.38268 -7.19717e-20 0.923881
    outer loop
      vertex 20.3681 -100.1 10.8719
      vertex 21.5279 -102.5 10.3915
      vertex 21.5279 -100.1 10.3915
    endloop
  endfacet
  facet normal 0.38268 -7.19717e-20 0.923881
    outer loop
      vertex 21.5279 -102.5 10.3915
      vertex 20.3681 -100.1 10.8719
      vertex 20.3681 -102.5 10.8719
    endloop
  endfacet
  facet normal 0.972377 -0 0.233415
    outer loop
      vertex 16.0985 -102.5 16.7485
      vertex 16.3915 -100.1 15.5279
      vertex 16.0985 -100.1 16.7485
    endloop
  endfacet
  facet normal 0.972377 0 0.233415
    outer loop
      vertex 16.3915 -100.1 15.5279
      vertex 16.0985 -102.5 16.7485
      vertex 16.3915 -102.5 15.5279
    endloop
  endfacet
  facet normal 0.760447 -0 0.649399
    outer loop
      vertex 17.5279 -102.5 13.2977
      vertex 18.3431 -100.1 12.3431
      vertex 17.5279 -100.1 13.2977
    endloop
  endfacet
  facet normal 0.760447 0 0.649399
    outer loop
      vertex 18.3431 -100.1 12.3431
      vertex 17.5279 -102.5 13.2977
      vertex 18.3431 -102.5 12.3431
    endloop
  endfacet
  facet normal 0.649399 8.27703e-18 0.760447
    outer loop
      vertex 18.3431 -100.1 12.3431
      vertex 19.2977 -102.5 11.5279
      vertex 19.2977 -100.1 11.5279
    endloop
  endfacet
  facet normal 0.649399 8.27703e-18 0.760447
    outer loop
      vertex 19.2977 -102.5 11.5279
      vertex 18.3431 -100.1 12.3431
      vertex 18.3431 -102.5 12.3431
    endloop
  endfacet
  facet normal -0.923881 0 -0.38268
    outer loop
      vertex 31.6085 -102.5 20.4721
      vertex 31.1281 -100.1 21.6319
      vertex 31.6085 -100.1 20.4721
    endloop
  endfacet
  facet normal -0.923881 -0 -0.38268
    outer loop
      vertex 31.1281 -100.1 21.6319
      vertex 31.6085 -102.5 20.4721
      vertex 31.1281 -102.5 21.6319
    endloop
  endfacet
  facet normal -0.85262 0 -0.522532
    outer loop
      vertex 31.1281 -102.5 21.6319
      vertex 30.4721 -100.1 22.7023
      vertex 31.1281 -100.1 21.6319
    endloop
  endfacet
  facet normal -0.85262 -0 -0.522532
    outer loop
      vertex 30.4721 -100.1 22.7023
      vertex 31.1281 -102.5 21.6319
      vertex 30.4721 -102.5 22.7023
    endloop
  endfacet
  facet normal 0.996917 0 -0.0784629
    outer loop
      vertex 16.0985 -102.5 19.2515
      vertex 16 -100.1 18
      vertex 16.0985 -100.1 19.2515
    endloop
  endfacet
  facet normal 0.996917 0 -0.0784629
    outer loop
      vertex 16 -100.1 18
      vertex 16.0985 -102.5 19.2515
      vertex 16 -102.5 18
    endloop
  endfacet
  facet normal 0.38268 7.19717e-20 -0.923881
    outer loop
      vertex 20.3681 -102.5 25.1281
      vertex 21.5279 -100.1 25.6085
      vertex 21.5279 -102.5 25.6085
    endloop
  endfacet
  facet normal 0.38268 7.19717e-20 -0.923881
    outer loop
      vertex 21.5279 -100.1 25.6085
      vertex 20.3681 -102.5 25.1281
      vertex 20.3681 -100.1 25.1281
    endloop
  endfacet
  facet normal 0.522532 7.25076e-18 -0.85262
    outer loop
      vertex 19.2977 -102.5 24.4721
      vertex 20.3681 -100.1 25.1281
      vertex 20.3681 -102.5 25.1281
    endloop
  endfacet
  facet normal 0.522532 7.25076e-18 -0.85262
    outer loop
      vertex 20.3681 -100.1 25.1281
      vertex 19.2977 -102.5 24.4721
      vertex 19.2977 -100.1 24.4721
    endloop
  endfacet
  facet normal -0.996917 0 0.0784629
    outer loop
      vertex 31.9015 -102.5 16.7485
      vertex 32 -100.1 18
      vertex 31.9015 -100.1 16.7485
    endloop
  endfacet
  facet normal -0.996917 0 0.0784629
    outer loop
      vertex 32 -100.1 18
      vertex 31.9015 -102.5 16.7485
      vertex 32 -102.5 18
    endloop
  endfacet
  facet normal -0.38268 7.19717e-20 0.923881
    outer loop
      vertex 26.4721 -100.1 10.3915
      vertex 27.6319 -102.5 10.8719
      vertex 27.6319 -100.1 10.8719
    endloop
  endfacet
  facet normal -0.38268 7.19717e-20 0.923881
    outer loop
      vertex 27.6319 -102.5 10.8719
      vertex 26.4721 -100.1 10.3915
      vertex 26.4721 -102.5 10.3915
    endloop
  endfacet
  facet normal -0.522532 2.59084e-18 0.85262
    outer loop
      vertex 27.6319 -100.1 10.8719
      vertex 28.7023 -102.5 11.5279
      vertex 28.7023 -100.1 11.5279
    endloop
  endfacet
  facet normal -0.522532 2.59084e-18 0.85262
    outer loop
      vertex 28.7023 -102.5 11.5279
      vertex 27.6319 -100.1 10.8719
      vertex 27.6319 -102.5 10.8719
    endloop
  endfacet
  facet normal 0.923881 -0 0.38268
    outer loop
      vertex 16.3915 -102.5 15.5279
      vertex 16.8719 -100.1 14.3681
      vertex 16.3915 -100.1 15.5279
    endloop
  endfacet
  facet normal 0.923881 0 0.38268
    outer loop
      vertex 16.8719 -100.1 14.3681
      vertex 16.3915 -102.5 15.5279
      vertex 16.8719 -102.5 14.3681
    endloop
  endfacet
  facet normal 0.85262 -0 0.522532
    outer loop
      vertex 16.8719 -102.5 14.3681
      vertex 17.5279 -100.1 13.2977
      vertex 16.8719 -100.1 14.3681
    endloop
  endfacet
  facet normal 0.85262 0 0.522532
    outer loop
      vertex 17.5279 -100.1 13.2977
      vertex 16.8719 -102.5 14.3681
      vertex 17.5279 -102.5 13.2977
    endloop
  endfacet
endsolid OpenSCAD_Model
